,name,team,position,xP,cost,total_points,minutes,goals_scored,assists,clean_sheets,goals_conceded,own_goals,penalties_saved,penalties_missed,yellow_cards,red_cards,saves,bonus,bps,influence,creativity,threat,ict_index,starts,expected_goals,expected_assists,expected_goal_involvements,expected_goals_conceded
0,Folarin Balogun,ARS,FWD,1.5,45,0,0,0,0,0,0,0,0,0,0,0,0,0,0,0.0,0.0,0.0,0.0,0,0.00,0.00,0.00,0.00
1,Cédric Alves Soares,ARS,DEF,1.5,40,10,223,0,0,0,3,0,0,0,0,0,0,0,56,56.4,51.4,10.0,11.9,2,0.06,0.19,0.25,2.83
2,Mohamed Elneny,ARS,MID,1.5,45,6,111,0,0,0,2,0,0,0,0,0,0,0,27,4.6,5.4,0.0,1.1,1,0.00,0.04,0.04,1.29
3,Fábio Ferreira Vieira,ARS,MID,2.5,55,40,500,1,2,2,5,0,0,0,0,0,0,2,134,116.0,180.6,123.0,41.5,3,0.86,1.39,2.25,5.28
4,Gabriel dos Santos Magalhães,ARS,DEF,2.8,50,146,3409,3,0,14,43,0,0,0,5,0,0,15,723,743.8,131.4,401.0,127.7,38,5.04,0.66,5.70,41.84
5,Kai Havertz,ARS,MID,3.1,75,102,2565,7,1,9,31,0,0,0,5,0,0,13,301,476.4,536.6,1014.0,202.5,30,11.58,2.75,14.33,38.25
6,Rob Holding,ARS,DEF,2.5,45,21,562,1,0,0,13,0,0,0,0,0,0,0,120,152.0,10.3,54.0,21.6,6,0.32,0.15,0.47,11.14
7,Gabriel Fernando de Jesus,ARS,FWD,3.0,80,125,2064,11,7,9,23,0,0,0,6,0,0,17,401,660.6,427.8,1331.0,241.9,24,14.24,2.91,17.15,23.15
8,Jorge Luiz Frello Filho,ARS,MID,2.5,55,79,2127,2,2,9,23,0,0,0,4,0,0,5,379,400.4,261.4,98.0,76.1,24,1.89,0.96,2.85,24.41
9,Jakub Kiwior,ARS,DEF,2.5,45,26,425,1,0,2,6,0,0,0,0,0,0,1,111,98.6,17.9,21.0,13.9,5,0.10,0.01,0.11,6.46
10,Marcus Oliveira Alencar,ARS,MID,1.5,45,1,1,0,0,0,0,0,0,0,0,0,0,0,3,0.0,0.2,0.0,0.0,0,0.00,0.00,0.00,0.00
11,Gabriel Martinelli Silva,ARS,MID,3.2,80,198,2789,15,9,14,33,0,0,0,3,0,0,18,648,844.2,838.1,1300.0,298.1,34,9.15,6.98,16.13,36.16
12,Eddie Nketiah,ARS,FWD,2.3,55,63,1071,4,2,2,16,0,0,0,3,0,0,5,161,213.4,128.5,607.0,93.8,9,7.89,1.26,9.15,14.65
13,Martin Ødegaard,ARS,MID,3.4,85,212,3132,15,8,13,38,0,0,0,4,0,0,30,813,971.8,1140.3,934.0,304.9,37,9.75,8.02,17.77,37.94
14,Thomas Partey,ARS,MID,2.1,50,86,2480,3,0,11,28,0,0,0,5,0,0,6,468,526.6,444.1,242.0,121.5,28,2.59,2.17,4.76,32.27
15,Nicolas Pépé,ARS,MID,2.1,50,0,0,0,0,0,0,0,0,0,0,0,0,0,0,0.0,0.0,0.0,0.0,0,0.00,0.00,0.00,0.00
16,Aaron Ramsdale,ARS,GKP,3.7,50,143,3420,0,0,14,43,0,0,0,1,0,94,9,664,764.8,0.0,0.0,76.5,38,0.00,0.02,0.02,42.31
17,Rúnar Alex Rúnarsson,ARS,GKP,1.5,40,0,0,0,0,0,0,0,0,0,0,0,0,0,0,0.0,0.0,0.0,0.0,0,0.00,0.00,0.00,0.00
18,Bukayo Saka,ARS,MID,3.4,85,202,3183,14,12,12,42,0,0,1,6,0,0,19,678,1014.2,1106.1,1214.0,333.4,37,11.49,5.97,17.46,39.66
19,William Saliba,ARS,DEF,2.8,50,117,2415,2,1,12,25,1,0,0,4,0,0,14,571,529.0,100.8,114.0,74.5,27,0.91,0.32,1.23,26.86
20,Albert Sambi Lokonga,ARS,MID,2.1,50,23,728,0,0,2,8,0,0,0,2,0,0,0,129,98.4,57.2,20.0,17.6,8,0.17,0.18,0.35,8.12
21,Emile Smith Rowe,ARS,MID,2.5,55,18,161,0,2,0,5,0,0,0,0,0,0,0,60,53.8,74.4,41.0,16.7,0,0.25,0.55,0.80,2.71
22,Nuno Varela Tavares,ARS,DEF,1.5,40,0,0,0,0,0,0,0,0,0,0,0,0,0,0,0.0,0.0,0.0,0.0,0,0.00,0.00,0.00,0.00
23,Kieran Tierney,ARS,DEF,2.5,45,37,774,0,1,1,10,0,0,0,0,0,0,0,164,144.6,86.1,67.0,30.0,6,0.38,0.43,0.81,10.90
24,Takehiro Tomiyasu,ARS,DEF,2.5,45,32,651,0,1,2,11,0,0,0,2,0,0,0,173,137.0,86.6,55.0,27.7,6,0.24,0.23,0.47,8.93
25,Leandro Trossard,ARS,MID,3.0,70,154,2237,8,13,8,38,0,0,0,1,0,0,8,494,666.0,711.4,875.0,225.2,26,6.37,6.02,12.39,30.79
26,Auston Trusty,ARS,DEF,1.5,40,0,0,0,0,0,0,0,0,0,0,0,0,0,0,0.0,0.0,0.0,0.0,0,0.00,0.00,0.00,0.00
27,Matt Turner,ARS,GKP,1.5,40,0,0,0,0,0,0,0,0,0,0,0,0,0,0,0.0,0.0,0.0,0.0,0,0.00,0.00,0.00,0.00
28,Benjamin White,ARS,DEF,3.1,55,156,3054,2,5,15,35,0,0,0,5,0,0,12,734,655.4,492.5,159.0,130.8,36,1.25,3.60,4.85,37.23
29,Granit Xhaka,ARS,MID,0.0,60,153,2992,7,8,13,35,0,0,0,4,0,0,15,634,715.0,675.5,556.0,194.8,36,4.65,3.89,8.54,36.52
30,Oleksandr Zinchenko,ARS,DEF,2.8,50,99,2122,1,2,10,28,0,0,0,3,0,0,8,500,405.0,387.7,190.0,98.3,26,1.32,2.39,3.71,26.67
31,Declan Rice,ARS,MID,2.5,55,116,3272,4,3,9,50,0,0,1,5,0,0,12,622,789.0,539.3,226.0,155.5,36,2.40,1.85,4.25,48.28
32,Reiss Nelson,ARS,MID,2.1,50,42,202,3,3,1,3,0,0,0,0,0,0,5,127,179.8,121.9,178.0,48.0,0,1.09,0.99,2.08,2.16
33,Jurriën Timber,ARS,DEF,2.8,50,0,0,0,0,0,0,0,0,0,0,0,0,0,0,0.0,0.0,0.0,0.0,0,0.00,0.00,0.00,0.00
34,Alexandre Moreno Lopera,AVL,DEF,0.0,50,72,1325,0,3,7,10,0,0,0,3,0,0,5,278,254.4,321.1,151.0,72.3,14,0.59,2.57,3.16,17.83
35,Cameron Archer,AVL,FWD,0.5,45,6,43,0,0,0,1,0,0,0,0,0,0,0,13,1.8,2.4,6.0,0.9,0,0.00,0.01,0.01,0.37
36,Leon Bailey,AVL,MID,1.5,55,100,1964,4,5,8,32,0,0,0,4,0,0,6,242,339.6,452.8,540.0,132.8,26,5.34,4.77,10.11,35.15
37,Emiliano Buendía Stati,AVL,MID,1.7,60,117,2404,5,3,11,34,0,0,0,0,0,0,8,370,441.6,559.9,582.0,158.5,27,6.32,3.95,10.27,36.65
38,Matty Cash,AVL,DEF,1.5,45,57,1817,0,2,4,29,0,0,0,4,0,0,3,311,303.0,178.3,67.0,54.9,20,0.20,0.95,1.15,27.14
39,Calum Chambers,AVL,DEF,0.5,40,13,345,0,0,0,4,0,0,0,2,0,0,0,67,74.4,29.8,8.0,11.1,2,0.14,0.19,0.33,5.88
40,Philippe Coutinho Correia,AVL,MID,1.7,60,32,777,1,0,3,9,0,0,0,3,0,0,1,98,119.2,152.5,218.0,48.8,7,1.37,0.65,2.02,8.11
41,Keinan Davis,AVL,FWD,0.9,50,0,0,0,0,0,0,0,0,0,0,0,0,0,0,0.0,0.0,0.0,0.0,0,0.00,0.00,0.00,0.00
42,Leander Dendoncker,AVL,MID,1.1,50,37,897,0,0,4,14,0,0,0,0,0,0,0,163,143.4,96.1,64.0,30.6,9,0.72,0.14,0.86,14.68
43,Diego Carlos Santos Silva,AVL,DEF,1.5,45,4,205,0,0,0,3,0,0,0,0,0,0,0,20,24.8,13.2,32.0,7.0,2,0.36,0.11,0.47,1.92
44,Lucas Digne,AVL,DEF,1.5,45,50,1492,1,0,3,25,1,0,0,5,0,0,4,234,277.6,305.5,97.0,68.1,18,0.43,1.90,2.33,25.91
45,Douglas Luiz Soares de Paulo,AVL,MID,1.5,55,142,2922,6,7,13,35,0,0,0,6,1,0,17,594,698.4,668.6,261.0,162.7,33,2.79,2.92,5.71,42.80
46,Jhon Durán,AVL,FWD,0.9,50,11,126,0,0,0,4,0,0,0,1,0,0,0,15,12.8,13.4,51.0,7.4,0,0.59,0.02,0.61,3.88
47,Kortney Hause,AVL,DEF,0.5,40,0,0,0,0,0,0,0,0,0,0,0,0,0,0,0.0,0.0,0.0,0.0,0,0.00,0.00,0.00,0.00
48,Tim Iroegbunam,AVL,MID,0.5,45,0,0,0,0,0,0,0,0,0,0,0,0,0,0,0.0,0.0,0.0,0.0,0,0.00,0.00,0.00,0.00
49,Boubacar Kamara,AVL,MID,1.1,50,44,1773,0,1,3,30,0,0,0,4,0,0,0,235,288.2,124.7,43.0,45.7,21,0.15,0.92,1.07,33.05
50,Ezri Konsa Ngoyo,AVL,DEF,1.5,45,110,3322,0,0,12,45,0,0,0,6,0,0,6,633,568.4,116.2,72.0,75.7,37,1.08,0.71,1.79,50.67
51,Emiliano Martínez Romero,AVL,GKP,2.7,50,135,3139,0,0,11,38,1,1,0,7,0,98,15,678,835.2,23.0,0.0,85.7,36,0.00,0.21,0.21,43.46
52,John McGinn,AVL,MID,1.5,55,90,2692,1,5,10,31,0,0,0,7,0,0,3,354,382.0,353.6,347.0,108.3,30,2.40,3.33,5.73,37.73
53,Tyrone Mings,AVL,DEF,1.5,45,130,3150,1,3,12,40,1,0,0,7,0,0,17,617,664.4,88.2,121.0,87.8,35,0.96,0.95,1.91,47.28
54,Robin Olsen,AVL,GKP,0.5,40,10,280,0,0,1,8,0,0,0,0,0,11,1,62,83.2,0.0,0.0,8.2,2,0.00,0.00,0.00,8.56
55,Jaden Philogene-Bidace,AVL,MID,0.5,45,0,0,0,0,0,0,0,0,0,0,0,0,0,0,0.0,0.0,0.0,0.0,0,0.00,0.00,0.00,0.00
56,Jacob Ramsey,AVL,MID,0.0,60,135,2634,6,8,11,33,1,0,0,5,0,0,13,470,653.4,537.8,456.0,164.7,31,5.07,2.89,7.96,40.50
57,Morgan Sanson,AVL,MID,0.0,45,2,10,0,0,0,1,0,0,0,0,0,0,0,6,4.2,0.5,0.0,0.4,0,0.00,0.00,0.00,0.40
58,Viljami Sinisalo,AVL,GKP,0.0,40,0,0,0,0,0,0,0,0,0,0,0,0,0,0,0.0,0.0,0.0,0.0,0,0.00,0.00,0.00,0.00
59,Youri Tielemans,AVL,MID,1.7,60,86,2341,3,3,6,49,0,0,1,4,0,0,6,461,541.8,486.9,191.0,122.1,27,2.50,2.99,5.49,45.82
60,Bertrand Traoré,AVL,MID,1.1,50,20,226,2,0,1,1,0,0,0,1,0,0,1,57,82.0,30.7,79.0,19.0,1,0.75,0.12,0.87,1.65
61,Ollie Watkins,AVL,FWD,2.0,80,175,3129,15,8,13,40,0,0,1,4,0,0,25,550,837.6,420.3,1308.0,256.7,36,16.15,2.66,18.81,46.65
62,Wesley Moraes Ferreira da Silva,AVL,FWD,0.0,50,0,0,0,0,0,0,0,0,0,0,0,0,0,0,0.0,0.0,0.0,0.0,0,0.00,0.00,0.00,0.00
63,Pau Torres,AVL,DEF,1.5,45,0,0,0,0,0,0,0,0,0,0,0,0,0,0,0.0,0.0,0.0,0.0,0,0.00,0.00,0.00,0.00
64,Moussa Diaby,AVL,MID,1.8,65,0,0,0,0,0,0,0,0,0,0,0,0,0,0,0.0,0.0,0.0,0.0,0,0.00,0.00,0.00,0.00
65,Jaidon Anthony,BOU,MID,1.6,50,61,1241,3,1,2,29,0,0,0,2,0,0,4,193,308.6,209.3,263.0,78.1,11,1.69,1.10,2.79,26.14
66,Philip Billing,BOU,MID,2.0,55,126,2766,7,2,9,54,0,0,0,5,0,0,14,475,637.4,401.1,445.0,148.4,34,4.60,2.56,7.16,49.46
67,David Brooks,BOU,MID,1.6,50,5,170,0,0,0,4,0,0,0,1,0,0,0,7,17.6,28.8,42.0,8.7,2,0.33,0.20,0.53,4.40
68,Ryan Christie,BOU,MID,1.6,50,64,1825,1,2,3,35,0,0,0,2,0,0,2,225,284.2,423.5,402.0,111.1,22,2.89,2.07,4.96,30.87
69,Lewis Cook,BOU,MID,1.6,50,51,1712,0,2,3,39,0,0,0,4,0,0,1,280,313.0,352.5,45.0,71.2,18,0.24,2.30,2.54,32.09
70,Siriki Dembélé,BOU,MID,0.0,45,6,104,0,0,0,2,0,0,0,0,0,0,0,20,31.8,52.3,28.0,11.3,0,0.16,0.21,0.37,2.28
71,Ryan Fredericks,BOU,DEF,2.0,45,12,527,0,0,0,11,0,0,0,1,0,0,0,63,66.0,26.7,12.0,10.6,5,0.00,0.29,0.29,10.14
72,James Hill,BOU,DEF,1.0,40,0,0,0,0,0,0,0,0,0,0,0,0,0,0,0.0,0.0,0.0,0.0,0,0.00,0.00,0.00,0.00
73,Lloyd Kelly,BOU,DEF,1.0,45,60,2040,0,2,5,38,0,0,0,3,0,0,5,372,419.8,114.0,26.0,56.3,23,0.17,0.70,0.87,35.92
74,Gavin Kilkenny,BOU,MID,1.0,45,0,0,0,0,0,0,0,0,0,0,0,0,0,0,0.0,0.0,0.0,0.0,0,0.00,0.00,0.00,0.00
75,Justin Kluivert,BOU,MID,1.6,50,0,0,0,0,0,0,0,0,0,0,0,0,0,0,0.0,0.0,0.0,0.0,0,0.00,0.00,0.00,0.00
76,Jamal Lowe,BOU,MID,1.6,50,2,11,0,0,0,0,0,0,0,0,0,0,0,6,0.2,0.3,0.0,0.1,0,0.00,0.01,0.01,0.62
77,Emiliano Marcondes,BOU,MID,1.0,45,1,8,0,0,0,1,0,0,0,0,0,0,0,3,1.2,0.0,0.0,0.1,0,0.00,0.00,0.00,0.28
78,Chris Mepham,BOU,DEF,2.0,45,43,2197,0,0,5,52,2,0,0,7,0,0,6,369,556.4,54.4,134.0,74.4,24,0.96,0.55,1.51,42.46
79,Kieffer Moore,BOU,FWD,1.4,50,57,1269,4,0,3,34,0,0,0,1,0,0,3,161,219.4,100.1,280.0,59.5,12,4.18,0.50,4.68,25.51
80,Norberto Murara Neto,BOU,GKP,2.3,45,93,2385,0,0,6,39,0,0,0,4,0,100,9,510,727.6,0.0,0.0,72.8,27,0.00,0.02,0.02,44.70
81,Dango Ouattara,BOU,MID,1.6,50,49,1239,1,3,1,23,0,0,0,1,0,0,4,163,280.8,262.5,283.0,82.5,15,3.52,1.68,5.20,25.86
82,Ben Pearson,BOU,MID,0.0,45,9,282,0,0,1,10,0,0,0,1,0,0,0,32,21.0,6.4,9.0,3.7,3,0.05,0.02,0.07,5.92
83,Darren Randolph,BOU,GKP,1.0,40,0,0,0,0,0,0,0,0,0,0,0,0,0,0,0.0,0.0,0.0,0.0,0,0.00,0.00,0.00,0.00
84,Joe Rothwell,BOU,MID,1.6,50,33,1010,0,1,3,15,0,0,0,1,0,0,0,167,127.4,153.3,27.0,30.6,12,0.16,1.47,1.63,17.29
85,Antoine Semenyo,BOU,FWD,1.0,45,18,250,1,0,0,6,0,0,0,0,0,0,1,56,50.0,26.5,32.0,10.7,2,0.36,0.02,0.38,7.70
86,Marcos Senesi,BOU,DEF,2.0,45,69,2489,2,0,5,55,0,0,0,7,0,0,5,462,602.2,79.1,113.0,79.6,29,1.66,0.35,2.01,47.62
87,Adam Smith,BOU,DEF,2.0,45,74,2940,0,1,7,58,0,0,0,11,0,0,5,400,416.6,276.9,88.0,78.3,34,0.50,1.57,2.07,54.01
88,Dominic Solanke,BOU,FWD,2.2,65,130,2865,6,10,8,52,0,0,0,2,0,0,14,339,528.8,282.1,1053.0,185.7,32,9.09,2.30,11.39,51.51
89,Marcus Tavernier,BOU,MID,0.5,55,94,1740,5,4,5,37,0,0,0,1,0,0,12,315,459.8,348.4,436.0,124.2,19,3.13,1.37,4.50,31.77
90,Hamed Traorè,BOU,MID,1.6,50,14,425,0,0,2,8,0,0,0,0,0,0,0,60,84.0,218.5,36.0,33.8,5,1.04,1.15,2.19,9.94
91,Mark Travers,BOU,GKP,0.0,40,28,1035,0,0,2,32,0,0,0,0,0,36,1,193,290.0,0.0,0.0,29.1,11,0.00,0.00,0.00,19.68
92,Illia Zabarnyi,BOU,DEF,2.0,45,7,297,0,0,0,5,0,0,0,0,0,0,0,54,58.0,1.4,0.0,5.8,3,0.00,0.01,0.01,5.12
93,Milos Kerkez,BOU,DEF,2.0,45,0,0,0,0,0,0,0,0,0,0,0,0,0,0,0.0,0.0,0.0,0.0,0,0.00,0.00,0.00,0.00
94,Ionuț Radu,BOU,GKP,2.3,45,0,0,0,0,0,0,0,0,0,0,0,0,0,0,0.0,0.0,0.0,0.0,0,0.00,0.00,0.00,0.00
95,Kristoffer Ajer,BRE,DEF,2.0,45,29,763,0,0,4,14,0,0,0,0,0,0,0,129,96.8,24.7,27.0,15.1,9,0.04,0.12,0.16,11.34
96,Ellery Balcombe,BRE,GKP,1.0,40,0,0,0,0,0,0,0,0,0,0,0,0,0,0,0.0,0.0,0.0,0.0,0,0.00,0.00,0.00,0.00
97,Shandon Baptiste,BRE,MID,1.0,45,29,600,0,2,1,6,0,0,0,1,1,0,0,123,112.8,144.5,54.0,31.2,4,0.32,0.53,0.85,7.51
98,Mads Bech Sørensen,BRE,DEF,1.0,40,4,18,0,0,0,0,0,0,0,0,0,0,0,12,2.6,0.2,0.0,0.2,0,0.00,0.00,0.00,0.28
99,Mads Bidstrup,BRE,MID,0.0,45,0,0,0,0,0,0,0,0,0,0,0,0,0,0,0.0,0.0,0.0,0.0,0,0.00,0.00,0.00,0.00
100,Sergi Canós Tenés,BRE,MID,1.6,50,5,73,0,0,0,2,0,0,0,0,0,0,0,14,7.0,13.5,6.0,2.8,0,0.07,0.04,0.11,1.79
101,Nathan Collins,BRE,DEF,2.0,45,49,1811,0,0,4,37,0,0,0,2,1,0,6,326,437.0,38.9,36.0,51.5,19,0.23,0.21,0.44,32.93
102,Matthew Cox,BRE,GKP,0.0,40,0,0,0,0,0,0,0,0,0,0,0,0,0,0,0.0,0.0,0.0,0.0,0,0.00,0.00,0.00,0.00
103,Mikkel Damsgaard,BRE,MID,1.6,50,33,970,0,0,3,14,0,0,0,4,0,0,0,131,140.2,172.1,152.0,46.5,9,2.31,1.32,3.63,14.89
104,Josh Dasilva,BRE,MID,1.6,50,81,1371,4,2,5,17,0,0,0,1,0,0,3,274,305.8,208.5,182.0,69.6,14,1.58,1.62,3.20,17.89
105,Halil Dervişoğlu,BRE,FWD,0.0,45,4,6,0,1,0,0,0,0,0,0,0,0,0,11,0.0,0.0,10.0,1.0,0,0.03,0.00,0.03,0.10
106,Mark Flekken,BRE,GKP,2.3,45,0,0,0,0,0,0,0,0,0,0,0,0,0,0,0.0,0.0,0.0,0.0,0,0.00,0.00,0.00,0.00
107,Charlie Goode,BRE,DEF,1.0,40,0,0,0,0,0,0,0,0,0,0,0,0,0,0,0.0,0.0,0.0,0.0,0,0.00,0.00,0.00,0.00
108,Rico Henry,BRE,DEF,2.0,45,112,3240,0,3,11,46,0,0,0,4,0,0,4,505,460.0,411.5,197.0,107.0,37,1.80,2.90,4.70,48.49
109,Aaron Hickey,BRE,DEF,2.0,45,63,1918,0,3,5,30,0,0,0,7,0,0,2,310,227.4,120.7,102.0,45.1,23,0.38,0.58,0.96,28.13
110,Vitaly Janelt,BRE,MID,2.0,55,85,2201,3,1,8,28,0,0,0,3,0,0,5,357,411.2,258.8,243.0,91.3,24,2.33,1.56,3.89,29.68
111,Mathias Jensen,BRE,MID,2.0,55,132,2805,5,7,10,40,0,0,0,5,0,0,11,498,644.0,787.9,208.0,164.1,37,2.34,4.79,7.13,40.47
112,Keane Lewis-Potter,BRE,MID,1.6,50,14,313,0,1,0,4,0,0,0,0,0,0,0,37,42.0,64.0,114.0,21.9,3,0.49,0.29,0.78,4.15
113,Bryan Mbeumo,BRE,MID,2.3,65,150,2905,9,9,10,39,0,0,0,5,0,0,19,556,692.6,808.6,895.0,239.5,36,9.48,5.53,15.01,41.96
114,Ben Mee,BRE,DEF,2.3,50,143,3269,3,2,12,40,0,0,0,2,0,0,11,643,780.6,103.1,336.0,122.2,37,3.19,0.74,3.93,46.31
115,Christian Nørgaard,BRE,MID,2.0,55,71,1763,1,6,6,23,0,0,0,6,0,0,6,309,379.2,173.7,269.0,82.3,21,1.64,1.74,3.38,25.13
116,Frank Onyeka,BRE,MID,1.6,50,38,837,0,3,3,11,0,0,0,0,0,0,0,111,136.4,93.7,111.0,34.2,8,1.03,0.78,1.81,15.65
117,Ethan Pinnock,BRE,DEF,2.0,45,112,2700,3,0,10,34,1,0,0,0,0,0,6,575,840.8,110.1,319.0,127.2,30,2.73,1.11,3.84,40.17
118,David Raya Martin,BRE,GKP,3.2,50,166,3420,0,0,12,46,1,0,0,1,0,154,20,822,1146.0,20.1,4.0,117.3,38,0.11,0.12,0.23,50.12
119,Mads Roerslev Rasmussen,BRE,DEF,2.0,45,48,1101,0,0,5,12,0,0,0,0,0,0,0,201,167.6,120.7,46.0,33.4,12,0.28,0.82,1.10,17.67
120,Kevin Schade,BRE,MID,2.0,55,29,723,0,1,3,7,0,0,0,2,0,0,0,76,74.4,115.5,209.0,39.8,7,2.07,0.67,2.74,7.18
121,Thomas Strakosha,BRE,GKP,1.0,40,0,0,0,0,0,0,0,0,0,0,0,0,0,0,0.0,0.0,0.0,0.0,0,0.00,0.00,0.00,0.00
122,Ivan Toney,BRE,FWD,0.0,80,182,2953,20,4,10,42,0,0,1,9,0,0,35,607,926.8,424.3,1240.0,258.7,33,18.74,3.72,22.46,43.65
123,Ryan Trevitt,BRE,MID,0.0,45,0,0,0,0,0,0,0,0,0,0,0,0,0,0,0.0,0.0,0.0,0.0,0,0.00,0.00,0.00,0.00
124,Yoane Wissa,BRE,FWD,2.1,60,111,1587,7,4,7,17,0,0,0,3,0,0,6,292,366.2,185.3,424.0,96.8,16,5.65,1.08,6.73,21.64
125,Yegor Yarmolyuk,BRE,MID,1.0,45,0,0,0,0,0,0,0,0,0,0,0,0,0,0,0.0,0.0,0.0,0.0,0,0.00,0.00,0.00,0.00
126,Mathias Jorgensen,BRE,DEF,2.0,45,45,1097,0,1,4,15,1,0,0,2,0,0,4,191,203.2,39.4,54.0,30.0,11,1.33,0.15,1.48,19.73
127,Simon Adingra,BHA,MID,2.1,50,0,0,0,0,0,0,0,0,0,0,0,0,0,0,0.0,0.0,0.0,0.0,0,0.00,0.00,0.00,0.00
128,Steven Alzate,BHA,MID,1.5,45,0,0,0,0,0,0,0,0,0,0,0,0,0,0,0.0,0.0,0.0,0.0,0,0.00,0.00,0.00,0.00
129,Yasin Ayari,BHA,MID,1.5,45,3,65,0,0,0,2,0,0,0,0,0,0,0,14,7.4,25.5,3.0,3.5,1,0.02,0.30,0.32,1.45
130,Facundo Buonanotte,BHA,MID,2.1,50,26,558,1,1,1,12,0,0,0,2,0,0,2,72,90.0,100.9,102.0,28.5,6,1.30,0.39,1.69,11.93
131,Moisés Caicedo Corozo,BHA,MID,2.1,50,79,3138,1,1,10,47,0,0,0,10,0,0,0,503,589.8,680.4,210.0,148.2,34,1.67,2.51,4.18,45.90
132,Aaron Connolly,BHA,FWD,1.5,45,0,0,0,0,0,0,0,0,0,0,0,0,0,0,0.0,0.0,0.0,0.0,0,0.00,0.00,0.00,0.00
133,Mahmoud Dahoud,BHA,MID,2.1,50,0,0,0,0,0,0,0,0,0,0,0,0,0,0,0.0,0.0,0.0,0.0,0,0.00,0.00,0.00,0.00
134,Lewis Dunk,BHA,DEF,2.8,50,112,3240,1,1,12,50,1,0,0,4,0,0,7,648,661.4,163.6,198.0,102.4,36,1.67,0.90,2.57,46.43
135,Julio Enciso,BHA,MID,2.5,55,57,794,4,3,4,12,0,0,0,1,0,0,7,189,262.8,177.5,399.0,83.8,7,3.93,1.18,5.11,14.76
136,Pervis Estupiñán,BHA,DEF,2.8,50,128,2674,1,7,10,43,0,0,0,4,0,0,15,593,575.2,757.9,297.0,162.5,31,1.80,3.88,5.68,41.60
137,Evan Ferguson,BHA,FWD,2.6,60,65,942,6,2,6,12,0,0,0,1,0,0,8,213,286.2,150.4,361.0,79.9,10,5.44,0.54,5.98,13.45
138,Billy Gilmour,BHA,MID,2.1,50,21,502,0,1,2,8,0,0,0,1,0,0,0,105,67.6,56.5,33.0,15.8,7,0.50,0.80,1.30,9.35
139,Pascal Groß,BHA,MID,2.8,65,159,3240,9,8,11,51,1,0,0,7,0,0,14,748,918.6,1227.5,582.0,273.2,37,5.19,8.93,14.12,48.43
140,João Pedro Junqueira de Jesus,BHA,FWD,2.3,55,0,0,0,0,0,0,0,0,0,0,0,0,0,0,0.0,0.0,0.0,0.0,0,0.00,0.00,0.00,0.00
141,Michał Karbownik,BHA,DEF,1.5,40,0,0,0,0,0,0,0,0,0,0,0,0,0,0,0.0,0.0,0.0,0.0,0,0.00,0.00,0.00,0.00
142,Kacper Kozłowski,BHA,MID,0.0,45,0,0,0,0,0,0,0,0,0,0,0,0,0,0,0.0,0.0,0.0,0.0,0,0.00,0.00,0.00,0.00
143,Adam Lallana,BHA,MID,2.1,50,47,717,2,1,5,10,0,0,0,0,0,0,4,146,144.2,186.7,152.0,48.5,12,0.88,1.22,2.10,10.59
144,Tariq Lamptey,BHA,DEF,1.5,40,23,439,0,0,1,7,0,0,0,1,0,0,0,91,70.6,87.2,48.0,20.6,3,0.20,0.64,0.84,6.37
145,Solly March,BHA,MID,2.8,65,147,2719,6,10,10,40,0,0,0,2,0,0,16,559,791.8,965.8,955.0,271.4,31,7.01,5.90,12.91,37.58
146,Tom McGill,BHA,GKP,1.5,40,0,0,0,0,0,0,0,0,0,0,0,0,0,0,0.0,0.0,0.0,0.0,0,0.00,0.00,0.00,0.00
147,James Milner,BHA,MID,2.1,50,42,889,0,1,3,12,0,0,0,2,0,0,0,187,179.6,222.7,93.0,49.5,7,0.40,1.63,2.03,13.56
148,Kaoru Mitoma,BHA,MID,2.8,65,138,2311,7,9,8,35,0,0,0,0,0,0,11,457,569.6,569.4,867.0,200.4,24,8.29,4.93,13.22,35.52
149,Jakub Moder,BHA,MID,1.5,45,0,0,0,0,0,0,0,0,0,0,0,0,0,0,0.0,0.0,0.0,0.0,0,0.00,0.00,0.00,0.00
150,Robert Sánchez,BHA,GKP,2.8,45,82,2070,0,0,6,30,0,1,0,2,0,48,10,380,439.0,0.1,0.0,43.9,23,0.00,0.01,0.01,27.60
151,Jeremy Sarmiento Morante,BHA,MID,0.0,45,16,168,0,2,1,2,0,0,0,1,0,0,0,40,46.6,38.2,50.0,12.9,1,0.33,0.27,0.60,2.76
152,Kjell Scherpen,BHA,GKP,0.0,40,0,0,0,0,0,0,0,0,0,0,0,0,0,0,0.0,0.0,0.0,0.0,0,0.00,0.00,0.00,0.00
153,Jason Steele,BHA,GKP,2.8,45,65,1350,0,1,6,23,1,1,0,1,0,37,8,332,377.6,13.0,0.0,39.1,15,0.00,0.15,0.15,23.46
154,Deniz Undav,BHA,FWD,2.3,55,52,614,5,2,2,9,1,0,0,2,0,0,4,173,196.4,124.0,372.0,69.1,6,4.89,1.25,6.14,9.03
155,Jan Paul van Hecke,BHA,DEF,1.5,40,6,291,0,0,0,7,0,0,0,2,0,0,0,54,71.4,5.8,10.0,8.8,3,0.55,0.04,0.59,6.72
156,Joël Veltman,BHA,DEF,2.5,45,95,2183,1,1,10,29,0,0,0,6,0,0,6,447,407.2,201.3,162.0,77.4,25,1.72,1.02,2.74,27.53
157,Bart Verbruggen,BHA,GKP,2.8,45,0,0,0,0,0,0,0,0,0,0,0,0,0,0,0.0,0.0,0.0,0.0,0,0.00,0.00,0.00,0.00
158,Adam Webster,BHA,DEF,2.5,45,75,1983,0,0,9,27,1,0,0,2,0,0,3,405,361.8,104.3,126.0,59.2,23,1.72,0.45,2.17,25.80
159,Danny Welbeck,BHA,FWD,2.6,60,91,1844,6,5,6,28,0,0,0,0,0,0,5,296,378.2,390.6,782.0,155.4,21,8.59,1.65,10.24,26.45
160,Andi Zeqiri,BHA,FWD,1.5,45,0,0,0,0,0,0,0,0,0,0,0,0,0,0,0.0,0.0,0.0,0.0,0,0.00,0.00,0.00,0.00
161,Igor Julio dos Santos de Paulo,BHA,DEF,2.5,45,0,0,0,0,0,0,0,0,0,0,0,0,0,0,0.0,0.0,0.0,0.0,0,0.00,0.00,0.00,0.00
162,Enock Agyei,BUR,MID,-0.5,45,0,0,0,0,0,0,0,0,0,0,0,0,0,0,0.0,0.0,0.0,0.0,0,0.00,0.00,0.00,0.00
163,Ameen Al-Dakhil,BUR,DEF,-0.5,40,0,0,0,0,0,0,0,0,0,0,0,0,0,0,0.0,0.0,0.0,0.0,0,0.00,0.00,0.00,0.00
164,Samuel Bastien,BUR,MID,0.1,50,0,0,0,0,0,0,0,0,0,0,0,0,0,0,0.0,0.0,0.0,0.0,0,0.00,0.00,0.00,0.00
165,Manuel Benson Hedilazio,BUR,MID,0.5,55,0,0,0,0,0,0,0,0,0,0,0,0,0,0,0.0,0.0,0.0,0.0,0,0.00,0.00,0.00,0.00
166,Jordan Beyer,BUR,DEF,-0.5,40,0,0,0,0,0,0,0,0,0,0,0,0,0,0,0.0,0.0,0.0,0.0,0,0.00,0.00,0.00,0.00
167,Josh Brownhill,BUR,MID,0.1,50,0,0,0,0,0,0,0,0,0,0,0,0,0,0,0.0,0.0,0.0,0.0,0,0.00,0.00,0.00,0.00
168,Darko Churlinov,BUR,MID,-0.5,45,0,0,0,0,0,0,0,0,0,0,0,0,0,0,0.0,0.0,0.0,0.0,0,0.00,0.00,0.00,0.00
169,Jack Cork,BUR,MID,0.1,50,0,0,0,0,0,0,0,0,0,0,0,0,0,0,0.0,0.0,0.0,0.0,0,0.00,0.00,0.00,0.00
170,Dara Costelloe,BUR,MID,-0.5,45,0,0,0,0,0,0,0,0,0,0,0,0,0,0,0.0,0.0,0.0,0.0,0,0.00,0.00,0.00,0.00
171,Josh Cullen,BUR,MID,0.1,50,0,0,0,0,0,0,0,0,0,0,0,0,0,0,0.0,0.0,0.0,0.0,0,0.00,0.00,0.00,0.00
172,CJ Egan-Riley,BUR,DEF,-0.5,40,0,0,0,0,0,0,0,0,0,0,0,0,0,0,0.0,0.0,0.0,0.0,0,0.00,0.00,0.00,0.00
173,Hjalmar Ekdal,BUR,DEF,-0.5,40,0,0,0,0,0,0,0,0,0,0,0,0,0,0,0.0,0.0,0.0,0.0,0,0.00,0.00,0.00,0.00
174,Lyle Foster,BUR,FWD,-0.1,50,0,0,0,0,0,0,0,0,0,0,0,0,0,0,0.0,0.0,0.0,0.0,0,0.00,0.00,0.00,0.00
175,Denis Franchi,BUR,GKP,-0.5,40,0,0,0,0,0,0,0,0,0,0,0,0,0,0,0.0,0.0,0.0,0.0,0,0.00,0.00,0.00,0.00
176,Jóhann Berg Gudmundsson,BUR,MID,0.1,50,0,0,0,0,0,0,0,0,0,0,0,0,0,0,0.0,0.0,0.0,0.0,0,0.00,0.00,0.00,0.00
177,Luke McNally,BUR,DEF,-0.5,40,0,0,0,0,0,0,0,0,0,0,0,0,0,0,0.0,0.0,0.0,0.0,0,0.00,0.00,0.00,0.00
178,Arijanet Muric,BUR,GKP,0.8,45,0,0,0,0,0,0,0,0,0,0,0,0,0,0,0.0,0.0,0.0,0.0,0,0.00,0.00,0.00,0.00
179,Dara O'Shea,BUR,DEF,0.5,45,0,0,0,0,0,0,0,0,0,0,0,0,0,0,0.0,0.0,0.0,0.0,0,0.00,0.00,0.00,0.00
180,Michael Obafemi,BUR,FWD,-0.1,50,0,0,0,0,0,0,0,0,0,0,0,0,0,0,0.0,0.0,0.0,0.0,0,0.00,0.00,0.00,0.00
181,Bailey Peacock-Farrell,BUR,GKP,0.0,40,0,0,0,0,0,0,0,0,0,0,0,0,0,0,0.0,0.0,0.0,0.0,0,0.00,0.00,0.00,0.00
182,Connor Roberts,BUR,DEF,0.5,45,0,0,0,0,0,0,0,0,0,0,0,0,0,0,0.0,0.0,0.0,0.0,0,0.00,0.00,0.00,0.00
183,Jay Rodriguez,BUR,FWD,0.3,55,0,0,0,0,0,0,0,0,0,0,0,0,0,0,0.0,0.0,0.0,0.0,0,0.00,0.00,0.00,0.00
184,Charlie Taylor,BUR,DEF,-0.5,40,0,0,0,0,0,0,0,0,0,0,0,0,0,0,0.0,0.0,0.0,0.0,0,0.00,0.00,0.00,0.00
185,Bobby Thomas,BUR,DEF,0.0,40,0,0,0,0,0,0,0,0,0,0,0,0,0,0,0.0,0.0,0.0,0.0,0,0.00,0.00,0.00,0.00
186,Scott Twine,BUR,MID,0.1,50,0,0,0,0,0,0,0,0,0,0,0,0,0,0,0.0,0.0,0.0,0.0,0,0.00,0.00,0.00,0.00
187,Lawrence Vigouroux,BUR,GKP,-0.5,40,0,0,0,0,0,0,0,0,0,0,0,0,0,0,0.0,0.0,0.0,0.0,0,0.00,0.00,0.00,0.00
188,Victor da Silva,BUR,DEF,0.5,45,0,0,0,0,0,0,0,0,0,0,0,0,0,0,0.0,0.0,0.0,0.0,0,0.00,0.00,0.00,0.00
189,Wout Weghorst,BUR,FWD,0.3,55,24,790,0,1,4,11,0,0,0,1,0,0,0,56,97.6,183.7,144.0,42.4,10,2.02,1.16,3.18,14.60
190,Anass Zaroury,BUR,MID,0.1,50,0,0,0,0,0,0,0,0,0,0,0,0,0,0,0.0,0.0,0.0,0.0,0,0.00,0.00,0.00,0.00
191,Zeki Amdouni,BUR,FWD,0.3,55,0,0,0,0,0,0,0,0,0,0,0,0,0,0,0.0,0.0,0.0,0.0,0,0.00,0.00,0.00,0.00
192,James Trafford,BUR,GKP,0.8,45,0,0,0,0,0,0,0,0,0,0,0,0,0,0,0.0,0.0,0.0,0.0,0,0.00,0.00,0.00,0.00
193,Nathan Redmond,BUR,MID,0.1,50,1,1,0,0,0,0,0,0,0,0,0,0,0,3,0.0,0.0,0.0,0.0,0,0.00,0.00,0.00,0.02
194,Luca Koleosho,BUR,MID,0.1,50,0,0,0,0,0,0,0,0,0,0,0,0,0,0,0.0,0.0,0.0,0.0,0,0.00,0.00,0.00,0.00
195,Jacob Bruun Larsen,BUR,MID,0.1,50,0,0,0,0,0,0,0,0,0,0,0,0,0,0,0.0,0.0,0.0,0.0,0,0.00,0.00,0.00,0.00
196,Ethan Ampadu,CHE,DEF,0.0,40,0,0,0,0,0,0,0,0,0,0,0,0,0,0,0.0,0.0,0.0,0.0,0,0.00,0.00,0.00,0.00
197,Andrey Nascimento dos Santos,CHE,MID,0.5,45,0,0,0,0,0,0,0,0,0,0,0,0,0,0,0.0,0.0,0.0,0.0,0,0.00,0.00,0.00,0.00
198,Kepa Arrizabalaga,CHE,GKP,2.7,50,118,2565,0,0,9,33,0,0,0,1,0,91,15,575,733.4,0.1,0.0,73.3,29,0.00,0.00,0.00,38.34
199,Pierre-Emerick Aubameyang,CHE,FWD,0.0,65,25,546,1,0,1,8,0,0,0,1,0,0,3,61,55.0,59.4,177.0,28.5,5,1.53,0.18,1.71,8.66
200,César Azpilicueta,CHE,DEF,0.0,45,45,1521,0,0,3,21,1,0,0,3,0,0,4,242,272.0,211.2,102.0,58.4,16,0.35,1.25,1.60,27.38
201,Abdul Rahman Baba,CHE,DEF,0.0,40,0,0,0,0,0,0,0,0,0,0,0,0,0,0,0.0,0.0,0.0,0.0,0,0.00,0.00,0.00,0.00
202,Benoît Badiashile,CHE,DEF,1.5,45,40,904,1,0,4,9,0,0,0,2,0,0,2,209,219.8,49.1,81.0,35.1,10,1.26,0.20,1.46,12.31
203,Marcus Bettinelli,CHE,GKP,0.5,40,0,0,0,0,0,0,0,0,0,0,0,0,0,0,0.0,0.0,0.0,0.0,0,0.00,0.00,0.00,0.00
204,Armando Broja,CHE,FWD,0.9,50,21,285,1,1,1,5,0,0,0,0,0,0,0,56,64.6,18.2,113.0,19.7,2,0.84,0.06,0.90,4.49
205,Trevoh Chalobah,CHE,DEF,1.5,45,49,1601,0,0,5,24,1,0,0,4,0,0,1,318,294.6,94.0,112.0,50.3,18,0.82,0.32,1.14,30.99
206,Ben Chilwell,CHE,DEF,2.1,55,70,1402,2,3,4,19,0,0,0,3,0,0,4,302,283.4,382.6,178.0,84.2,15,1.57,2.49,4.06,18.25
207,Carney Chukwuemeka,CHE,MID,0.5,45,18,342,0,0,1,7,0,0,0,0,0,0,0,71,66.0,113.5,78.0,25.7,2,0.33,0.61,0.94,8.10
208,Levi Colwill,CHE,DEF,1.5,45,46,1218,0,2,3,21,0,0,0,1,0,0,6,249,236.2,101.9,50.0,38.9,13,1.41,0.31,1.72,22.20
209,Marc Cucurella Saseta,CHE,DEF,1.8,50,65,1669,0,2,6,20,0,0,0,4,0,0,1,363,354.4,232.5,72.0,65.9,21,0.38,0.96,1.34,26.03
210,Enzo Fernández,CHE,MID,1.1,50,42,1547,0,2,3,25,0,0,0,3,0,0,1,265,315.8,334.3,74.0,72.6,18,0.78,2.64,3.42,24.91
211,David Datro Fofana,CHE,FWD,0.0,50,3,68,0,0,0,1,0,0,0,0,0,0,0,8,15.2,34.6,30.0,8.0,1,0.57,0.04,0.61,1.72
212,Wesley Fofana,CHE,DEF,0.0,45,37,1362,1,0,2,24,0,0,0,4,0,0,4,244,294.6,59.6,86.0,44.4,14,0.74,0.29,1.03,22.96
213,Conor Gallagher,CHE,MID,1.5,55,66,1608,3,1,4,23,0,0,0,9,1,0,7,279,386.2,351.5,329.0,106.5,18,2.55,1.73,4.28,30.95
214,Malo Gusto,CHE,DEF,0.5,40,0,0,0,0,0,0,0,0,0,0,0,0,0,0,0.0,0.0,0.0,0.0,0,0.00,0.00,0.00,0.00
215,Lewis Hall,CHE,DEF,1.5,45,19,653,0,0,1,11,0,0,0,1,0,0,3,118,134.4,225.8,127.0,48.8,8,0.83,1.46,2.29,13.29
216,Callum Hudson-Odoi,CHE,MID,1.1,50,0,0,0,0,0,0,0,0,0,0,0,0,0,0,0.0,0.0,0.0,0.0,0,0.00,0.00,0.00,0.00
217,Reece James,CHE,DEF,2.1,55,44,1242,1,2,2,17,0,0,0,4,0,0,5,286,292.2,358.2,153.0,80.4,14,1.06,2.93,3.99,14.11
218,Romelu Lukaku Bolingoli,CHE,FWD,1.8,70,0,0,0,0,0,0,0,0,0,0,0,0,0,0,0.0,0.0,0.0,0.0,0,0.00,0.00,0.00,0.00
219,Noni Madueke,CHE,MID,1.5,55,26,639,1,0,0,13,0,0,0,0,0,0,2,105,153.8,170.8,224.0,55.0,7,0.90,0.72,1.62,13.11
220,Mykhailo Mudryk,CHE,MID,1.8,65,25,650,0,2,0,10,0,0,0,1,0,0,0,73,100.8,146.4,140.0,38.2,7,1.82,1.26,3.08,10.88
221,Nicolas Jackson,CHE,FWD,1.8,70,0,0,0,0,0,0,0,0,0,0,0,0,0,0,0.0,0.0,0.0,0.0,0,0.00,0.00,0.00,0.00
222,Christopher Nkunku,CHE,FWD,1.9,75,0,0,0,0,0,0,0,0,0,0,0,0,0,0,0.0,0.0,0.0,0.0,0,0.00,0.00,0.00,0.00
223,Christian Pulisic,CHE,MID,0.0,55,39,805,1,1,3,11,0,0,0,1,0,0,0,102,120.4,166.8,227.0,51.1,8,1.67,0.38,2.05,14.13
224,Malang Sarr,CHE,DEF,1.5,45,0,0,0,0,0,0,0,0,0,0,0,0,0,0,0.0,0.0,0.0,0.0,0,0.00,0.00,0.00,0.00
225,Gabriel Słonina,CHE,GKP,0.5,40,0,0,0,0,0,0,0,0,0,0,0,0,0,0,0.0,0.0,0.0,0.0,0,0.00,0.00,0.00,0.00
226,Raheem Sterling,CHE,MID,2.0,70,101,1886,6,4,5,27,0,0,0,4,0,0,9,274,399.6,495.4,647.0,153.9,23,6.21,3.22,9.43,27.83
227,Thiago Emiliano da Silva,CHE,DEF,1.8,50,80,2351,0,2,6,32,0,0,0,2,0,0,8,524,676.8,90.4,147.0,91.4,26,1.54,1.04,2.58,34.83
228,Hakim Ziyech,CHE,MID,1.5,55,33,649,0,3,2,7,0,0,0,1,0,0,0,129,155.4,230.9,113.0,49.0,6,0.65,1.51,2.16,8.80
229,Ângelo Gabriel Borges Damaceno,CHE,MID,1.1,50,0,0,0,0,0,0,0,0,0,0,0,0,0,0,0.0,0.0,0.0,0.0,0,0.00,0.00,0.00,0.00
230,Ian Maatsen,CHE,MID,1.5,55,0,0,0,0,0,0,0,0,0,0,0,0,0,0,0.0,0.0,0.0,0.0,0,0.00,0.00,0.00,0.00
231,Naouirou Ahamada,CRY,MID,1.5,45,7,87,0,0,0,2,0,0,0,1,0,0,0,20,7.4,13.2,14.0,3.0,0,0.15,0.02,0.17,1.83
232,Joachim Andersen,CRY,DEF,2.5,45,80,2782,1,0,8,37,2,0,0,8,0,0,1,483,658.8,163.4,273.0,109.8,32,1.87,1.04,2.91,36.23
233,Jordan Ayew,CRY,MID,2.5,55,104,2708,4,3,8,41,0,0,0,5,0,0,4,332,494.4,468.2,439.0,140.3,31,3.13,2.52,5.65,41.13
234,Nathaniel Clyne,CRY,DEF,2.5,45,44,1638,0,0,3,23,0,0,0,3,0,0,0,246,203.6,124.9,8.0,33.6,19,0.00,0.60,0.60,26.26
235,Cheick Doucouré,CRY,MID,2.1,50,74,2770,0,3,7,41,0,0,0,8,1,0,3,411,475.0,353.7,167.0,99.8,34,1.45,1.22,2.67,40.18
236,Malcolm Ebiowei,CRY,MID,1.5,45,3,31,0,0,0,1,0,0,0,0,0,0,0,9,3.4,0.9,4.0,0.9,0,0.00,0.01,0.01,0.18
237,Odsonne Edouard,CRY,FWD,2.3,55,82,1788,5,2,5,25,0,0,0,3,0,0,5,225,351.6,238.7,552.0,113.2,20,4.14,0.80,4.94,24.19
238,Eberechi Eze,CRY,MID,2.8,65,159,2631,10,5,9,35,0,0,0,3,0,0,21,580,702.6,833.6,635.0,217.0,30,7.25,2.92,10.17,32.64
239,Vicente Guaita,CRY,GKP,2.8,45,99,2430,0,0,6,34,0,0,0,1,0,85,10,484,668.4,0.0,0.0,66.8,27,0.00,0.01,0.01,38.20
240,Marc Guéhi,CRY,DEF,2.5,45,95,3330,1,0,9,46,1,0,0,8,0,0,2,623,705.0,145.5,213.0,106.7,37,1.46,0.82,2.28,46.47
241,Will Hughes,CRY,MID,2.1,50,41,822,1,1,1,11,0,0,0,4,0,0,3,152,190.4,107.4,78.0,37.4,7,0.34,0.63,0.97,13.05
242,Sam Johnstone,CRY,GKP,2.8,45,36,810,0,0,3,10,0,0,0,1,0,26,5,159,177.4,0.0,0.0,17.8,9,0.00,0.00,0.00,8.81
243,Jefferson Lerma Solís,CRY,MID,2.1,50,101,3252,5,0,7,67,1,0,0,7,0,0,5,500,619.2,296.4,312.0,122.7,37,2.58,3.00,5.58,60.57
244,Jean-Philippe Mateta,CRY,FWD,1.9,50,41,748,2,0,3,10,0,0,0,3,0,0,3,96,119.8,71.4,247.0,42.5,6,3.44,0.16,3.60,13.49
245,Remi Matthews,CRY,GKP,1.5,40,0,0,0,0,0,0,0,0,0,0,0,0,0,0,0.0,0.0,0.0,0.0,0,0.00,0.00,0.00,0.00
246,Tyrick Mitchell,CRY,DEF,2.5,45,93,2889,0,2,8,40,0,0,0,5,1,0,7,476,485.0,260.3,141.0,89.0,34,0.62,1.25,1.87,42.90
247,Jake O'Brien,CRY,DEF,1.5,40,0,0,0,0,0,0,0,0,0,0,0,0,0,0,0.0,0.0,0.0,0.0,0,0.00,0.00,0.00,0.00
248,Michael Olise,CRY,MID,0.7,60,132,2743,2,11,8,38,0,0,0,2,0,0,15,517,652.4,1115.0,484.0,225.6,31,2.87,6.42,9.29,37.03
249,Luke Plange,CRY,FWD,1.5,45,0,0,0,0,0,0,0,0,0,0,0,0,0,0,0.0,0.0,0.0,0.0,0,0.00,0.00,0.00,0.00
250,Chris Richards,CRY,DEF,1.5,40,13,443,0,0,1,11,0,0,0,0,0,0,0,83,92.4,15.3,26.0,13.2,4,0.71,0.05,0.76,11.19
251,Jairo Riedewald,CRY,MID,1.5,45,6,60,0,0,0,0,0,0,0,0,0,0,0,19,9.8,2.6,4.0,1.5,0,0.04,0.01,0.05,0.93
252,Jeffrey Schlupp,CRY,MID,2.1,50,89,2528,3,2,9,38,0,0,0,7,0,0,2,324,404.6,257.6,314.0,97.9,30,2.97,1.11,4.08,37.03
253,James Tomkins,CRY,DEF,1.5,40,8,335,1,0,0,10,0,0,0,1,1,0,1,50,90.0,1.1,54.0,14.6,3,0.81,0.00,0.81,9.99
254,Joel Ward,CRY,DEF,2.5,45,78,2253,1,0,8,35,0,0,0,6,0,0,5,403,446.6,172.5,114.0,73.5,24,1.12,0.83,1.95,32.15
255,Joe Whitworth,CRY,GKP,1.5,40,3,180,0,0,0,5,0,0,0,0,0,5,0,28,41.8,0.0,0.0,4.2,2,0.00,0.00,0.00,2.07
256,André Tavares Gomes,EVE,MID,1.0,45,0,0,0,0,0,0,0,0,0,0,0,0,0,0,0.0,0.0,0.0,0.0,0,0.00,0.00,0.00,0.00
257,Jarrad Branthwaite,EVE,DEF,1.0,40,0,0,0,0,0,0,0,0,0,0,0,0,0,0,0.0,0.0,0.0,0.0,0,0.00,0.00,0.00,0.00
258,Dominic Calvert-Lewin,EVE,FWD,2.1,60,40,1166,2,1,4,22,0,0,0,3,0,0,2,89,138.4,122.4,409.0,66.4,15,5.90,0.72,6.62,23.13
259,Seamus Coleman,EVE,DEF,2.0,45,63,1654,1,0,5,25,0,0,0,1,0,0,5,314,297.8,108.7,95.0,50.4,20,0.30,0.92,1.22,33.50
260,Dele Alli,EVE,MID,1.6,50,2,38,0,0,0,1,0,0,0,0,0,0,0,5,0.6,2.2,6.0,0.9,0,0.00,0.00,0.00,1.68
261,Abdoulaye Doucouré,EVE,MID,2.0,55,76,1527,5,2,4,27,0,0,0,6,1,0,10,263,360.4,284.1,255.0,89.7,17,2.61,1.52,4.13,32.10
262,James Garner,EVE,MID,1.6,50,25,796,0,1,2,13,0,0,0,3,0,0,0,109,109.2,116.2,64.0,29.2,7,0.70,0.50,1.20,15.66
263,Jean-Philippe Gbamin,EVE,MID,1.0,45,0,0,0,0,0,0,0,0,0,0,0,0,0,0,0.0,0.0,0.0,0.0,0,0.00,0.00,0.00,0.00
264,Ben Godfrey,EVE,DEF,2.0,45,18,801,0,1,1,18,0,0,0,2,0,0,0,101,146.8,42.3,46.0,23.6,10,1.24,0.08,1.32,18.17
265,Demarai Gray,EVE,MID,2.0,55,91,2501,4,1,7,39,0,0,0,3,0,0,4,284,410.8,614.7,707.0,173.2,27,6.17,3.82,9.99,46.59
266,Idrissa Gueye,EVE,MID,1.6,50,66,2577,0,1,8,45,0,0,0,7,0,0,1,357,426.8,195.3,85.0,70.6,32,0.71,0.83,1.54,49.99
267,Mason Holgate,EVE,DEF,1.0,40,16,506,0,0,2,9,0,0,0,1,1,0,2,81,90.4,71.9,55.0,21.5,5,1.00,0.17,1.17,9.49
268,Alex Iwobi,EVE,MID,2.0,55,126,3379,2,8,9,56,0,0,0,2,0,0,9,563,693.4,946.0,373.0,201.3,38,2.56,4.31,6.87,66.42
269,Michael Keane,EVE,DEF,2.0,45,39,983,1,2,2,22,0,0,0,0,0,0,5,180,242.6,42.6,131.0,41.7,10,1.29,0.83,2.12,23.98
270,Neal Maupay,EVE,FWD,1.4,50,41,1104,1,0,3,19,0,0,0,4,0,0,3,86,85.8,109.9,429.0,62.2,11,4.91,0.24,5.15,22.04
271,Dwight McNeil,EVE,MID,2.0,55,126,2490,7,5,5,46,0,0,0,5,0,0,14,505,718.8,771.4,464.0,195.8,28,3.51,5.45,8.96,51.30
272,Vitalii Mykolenko,EVE,DEF,2.0,45,75,2653,0,1,7,46,0,0,0,4,0,0,4,449,504.8,307.0,120.0,93.4,30,0.54,0.91,1.45,53.67
273,Amadou Onana,EVE,MID,1.6,50,77,2486,1,3,9,37,0,0,0,9,0,0,2,300,358.2,316.6,287.0,96.0,29,2.95,1.66,4.61,47.89
274,Nathan Patterson,EVE,DEF,2.0,45,31,1274,0,0,2,22,0,0,0,3,0,0,0,173,231.4,111.9,108.0,45.3,14,0.48,0.71,1.19,25.40
275,Jordan Pickford,EVE,GKP,2.3,45,124,3330,0,1,8,57,0,1,0,6,0,124,10,666,997.8,23.0,0.0,102.0,37,0.00,0.35,0.35,66.41
276,Ellis Simms,EVE,FWD,0.0,45,17,219,1,0,0,4,0,0,0,0,0,0,0,59,40.8,39.6,54.0,13.0,2,0.86,0.15,1.01,6.40
277,James Tarkowski,EVE,DEF,2.0,45,106,3420,1,1,9,57,0,0,0,6,0,0,13,632,1040.4,185.6,441.0,167.0,38,2.97,1.89,4.86,67.45
278,João Neves Virgínia,EVE,GKP,1.0,40,0,0,0,0,0,0,0,0,0,0,0,0,0,0,0.0,0.0,0.0,0.0,0,0.00,0.00,0.00,0.00
279,Andy Lonergan,EVE,GKP,1.0,40,0,0,0,0,0,0,0,0,0,0,0,0,0,0,0.0,0.0,0.0,0.0,0,0.00,0.00,0.00,0.00
280,Ashley Young,EVE,DEF,2.0,45,87,2031,1,0,9,28,0,0,0,7,0,0,8,388,380.2,223.4,81.0,68.7,23,0.46,0.78,1.24,31.81
281,Arnaut Danjuma Groeneveld,EVE,MID,2.0,55,15,162,1,0,0,5,0,0,0,0,0,0,0,43,53.2,25.1,71.0,14.8,1,0.84,0.07,0.91,2.31
282,Andreas Hoelgebaum Pereira,FUL,MID,2.0,55,123,2696,4,10,8,40,0,0,0,8,0,0,9,360,440.6,965.0,495.0,189.3,33,7.16,4.26,11.42,47.49
283,Tom Cairney,FUL,MID,1.6,50,53,968,2,1,1,13,0,0,0,2,0,0,2,217,190.4,232.1,217.0,64.2,6,1.44,1.51,2.95,19.69
284,Ivan Neves Abreu Cavaleiro,FUL,MID,1.6,50,0,0,0,0,0,0,0,0,0,0,0,0,0,0,0.0,0.0,0.0,0.0,0,0.00,0.00,0.00,0.00
285,Bobby De Cordova-Reid,FUL,MID,2.0,55,90,2473,4,1,8,40,0,0,0,8,0,0,3,289,365.2,326.6,508.0,119.7,29,3.91,1.49,5.40,46.78
286,Issa Diop,FUL,DEF,2.0,45,79,2008,1,0,7,26,0,0,0,2,0,0,8,422,462.2,38.8,80.0,58.1,21,0.29,0.49,0.78,35.86
287,Tyrese Francois,FUL,MID,1.0,45,1,1,0,0,0,0,0,0,0,0,0,0,0,3,1.0,0.3,0.0,0.1,0,0.00,0.00,0.00,0.00
288,Anthony Knockaert,FUL,MID,1.0,45,0,0,0,0,0,0,0,0,0,0,0,0,0,0,0.0,0.0,0.0,0.0,0,0.00,0.00,0.00,0.00
289,Terence Kongolo,FUL,DEF,1.0,40,0,0,0,0,0,0,0,0,0,0,0,0,0,0,0.0,0.0,0.0,0.0,0,0.00,0.00,0.00,0.00
290,Bernd Leno,FUL,GKP,2.3,45,142,3240,0,0,8,51,0,1,0,3,0,144,17,766,1154.8,10.0,0.0,116.6,36,0.00,0.00,0.00,62.75
291,Saša Lukić,FUL,MID,1.0,45,15,406,0,0,0,10,0,0,0,1,0,0,0,58,40.8,21.9,19.0,8.2,4,0.13,0.16,0.29,9.68
292,Kevin Mbabu,FUL,DEF,1.0,40,7,141,0,1,0,7,0,0,0,1,0,0,0,39,39.8,37.7,0.0,7.8,1,0.00,0.42,0.42,7.18
293,Aleksandar Mitrović,FUL,FWD,2.4,75,107,2010,14,2,7,30,0,0,4,7,0,0,14,324,584.8,228.3,1171.0,197.1,23,15.31,1.31,16.62,35.70
294,Rodrigo Muniz Carvalho,FUL,FWD,1.0,45,0,0,0,0,0,0,0,0,0,0,0,0,0,0,0.0,0.0,0.0,0.0,0,0.00,0.00,0.00,0.00
295,João Palhinha Gonçalves,FUL,MID,1.6,50,83,3108,3,0,9,43,1,0,0,14,0,0,5,379,570.2,142.8,338.0,105.5,35,2.93,0.39,3.32,56.38
296,Tim Ream,FUL,DEF,2.0,45,98,2898,1,0,8,44,0,0,0,2,0,0,12,560,604.2,65.2,76.0,74.8,33,0.24,0.27,0.51,54.05
297,Harrison Reed,FUL,MID,1.6,50,107,2868,3,4,9,44,1,0,0,5,0,0,9,409,484.4,507.3,266.0,125.8,35,1.95,2.04,3.99,53.81
298,Antonee Robinson,FUL,DEF,2.0,45,93,3088,0,2,9,44,0,0,0,8,0,0,5,558,573.2,427.4,61.0,106.3,35,0.07,1.68,1.75,55.11
299,Marek Rodák,FUL,GKP,1.0,40,7,180,0,0,1,2,0,0,0,0,0,2,0,33,19.0,0.0,0.0,1.9,2,0.00,0.00,0.00,2.12
300,Kenny Tete,FUL,DEF,2.0,45,90,2569,1,5,7,36,0,0,0,8,0,0,1,484,670.2,391.4,145.0,120.9,29,0.74,1.90,2.64,46.78
301,Tosin Adarabioyo,FUL,DEF,2.0,45,49,2084,1,0,3,39,0,0,0,4,0,0,1,353,514.4,90.1,128.0,73.4,23,0.71,0.47,1.18,43.91
302,Carlos Vinícius Alves Morais,FUL,FWD,1.4,50,72,1098,5,2,1,20,0,0,0,3,0,0,10,206,244.0,118.6,374.0,73.1,11,3.04,0.72,3.76,24.80
303,Harry Wilson,FUL,MID,2.0,55,68,1085,2,5,2,15,0,0,0,1,0,0,2,215,215.2,184.1,178.0,57.7,13,2.03,1.03,3.06,21.44
304,Raúl Jiménez,FUL,FWD,1.8,55,29,839,0,2,2,18,0,0,0,0,0,0,0,65,74.6,117.1,277.0,46.7,8,2.55,0.55,3.10,16.00
305,Willian Borges da Silva,FUL,MID,2.0,55,116,2127,5,7,9,22,0,0,0,2,0,0,11,442,455.8,703.4,449.0,160.8,25,3.46,2.99,6.45,34.39
306,Calvin Bassey,FUL,DEF,2.0,45,0,0,0,0,0,0,0,0,0,0,0,0,0,0,0.0,0.0,0.0,0.0,0,0.00,0.00,0.00,0.00
307,Adrián San Miguel del Castillo,LIV,GKP,1.5,40,0,0,0,0,0,0,0,0,0,0,0,0,0,0,0.0,0.0,0.0,0.0,0,0.00,0.00,0.00,0.00
308,Trent Alexander-Arnold,LIV,DEF,4.5,80,156,2922,2,11,10,44,0,0,0,5,0,0,21,824,821.4,1236.9,262.0,232.2,34,2.36,9.26,11.62,43.10
309,Alisson Ramses Becker,LIV,GKP,4.5,55,162,3330,0,1,14,43,0,1,0,1,0,107,15,824,966.4,10.1,0.0,97.6,37,0.00,0.02,0.02,50.02
310,Stefan Bajcetic,LIV,MID,2.1,50,22,522,1,0,3,4,0,0,0,2,0,0,0,85,90.2,61.7,77.0,22.8,6,0.79,0.47,1.26,6.80
311,Darwin Núñez Ribeiro,LIV,FWD,2.9,75,100,1684,9,5,7,22,0,0,0,1,1,0,8,310,458.2,336.9,1078.0,186.0,19,12.15,2.66,14.81,28.62
312,Diogo Teixeira da Silva,LIV,MID,3.2,80,80,1125,7,4,5,19,0,0,0,2,0,0,9,282,376.6,242.6,391.0,100.6,12,6.38,1.70,8.08,17.76
313,Harvey Elliott,LIV,MID,2.1,50,62,1600,1,2,5,20,0,0,0,2,0,0,2,286,269.0,406.1,378.0,105.5,18,2.12,4.31,6.43,26.07
314,Fabio Henrique Tavares,LIV,MID,2.1,50,70,2666,0,2,11,34,0,0,0,11,0,0,0,394,400.2,316.4,109.0,82.5,31,0.70,1.87,2.57,39.21
315,Cody Gakpo,LIV,FWD,2.9,75,90,1455,7,3,6,19,0,0,0,0,0,0,4,256,375.6,292.4,460.0,112.3,17,6.43,1.87,8.30,19.56
316,Joe Gomez,LIV,DEF,2.5,45,68,1461,0,0,8,16,0,0,0,3,0,0,8,337,312.4,46.1,38.0,39.7,15,0.20,0.67,0.87,25.28
317,Jordan Henderson,LIV,MID,0.0,50,69,2060,0,3,8,30,0,0,0,2,0,0,0,401,315.2,525.8,185.0,103.0,23,1.35,3.59,4.93,31.96
318,Curtis Jones,LIV,MID,2.1,50,52,1029,3,1,4,15,0,0,0,2,0,0,4,206,272.8,238.1,240.0,75.0,12,1.15,1.36,2.51,15.60
319,Caoimhin Kelleher,LIV,GKP,1.5,40,2,90,0,0,0,4,0,0,0,0,0,6,0,20,38.0,0.0,0.0,3.8,1,0.00,0.00,0.00,1.77
320,Ibrahima Konaté,LIV,DEF,2.8,50,49,1551,0,0,7,22,1,0,0,5,0,0,0,305,285.6,39.6,144.0,46.8,17,1.21,0.65,1.86,24.34
321,Luis Díaz,LIV,MID,3.1,75,62,991,4,2,4,11,0,0,0,2,0,0,7,166,245.4,200.6,404.0,85.0,11,2.48,1.32,3.80,11.99
322,Alexis Mac Allister,LIV,MID,2.7,60,140,2882,10,2,10,45,1,0,0,8,0,0,18,567,750.8,746.4,714.0,221.3,31,12.05,4.27,16.32,40.48
323,Joel Matip,LIV,DEF,2.8,50,36,1091,1,0,3,20,1,0,0,3,0,0,4,216,232.8,61.9,102.0,39.6,12,0.87,0.93,1.80,16.46
324,Nathaniel Phillips,LIV,DEF,1.5,40,3,65,0,0,0,1,0,0,0,0,0,0,0,17,15.4,1.4,18.0,3.4,1,0.04,0.01,0.05,0.48
325,Andrew Robertson,LIV,DEF,3.6,65,121,2579,0,8,9,34,0,0,0,3,0,0,10,633,549.2,862.1,211.0,162.3,29,1.24,6.69,7.93,36.59
326,Mohamed Salah,LIV,MID,4.5,125,239,3290,19,13,13,45,0,0,2,2,0,0,23,651,1067.4,899.2,1688.0,365.6,37,21.01,7.03,28.04,47.47
327,Dominik Szoboszlai,LIV,MID,3.0,70,0,0,0,0,0,0,0,0,0,0,0,0,0,0,0.0,0.0,0.0,0.0,0,0.00,0.00,0.00,0.00
328,Thiago Alcántara do Nascimento,LIV,MID,2.1,50,30,1252,0,0,2,23,0,0,0,2,0,0,0,194,244.4,265.8,86.0,59.8,14,0.46,1.18,1.64,21.41
329,Konstantinos Tsimikas,LIV,DEF,2.5,45,48,762,0,4,4,11,0,0,0,3,0,0,2,216,183.2,298.3,124.0,60.7,9,0.68,1.30,1.98,14.45
330,Sepp van den Berg,LIV,DEF,0.0,40,0,0,0,0,0,0,0,0,0,0,0,0,0,0,0.0,0.0,0.0,0.0,0,0.00,0.00,0.00,0.00
331,Virgil van Dijk,LIV,DEF,3.4,60,127,2835,3,1,11,36,0,0,0,3,0,0,13,636,743.2,121.0,389.0,125.4,32,2.50,1.09,3.59,41.17
332,Marvelous Nakamba,LUT,MID,0.5,45,0,0,0,0,0,0,0,0,0,0,0,0,0,0,0.0,0.0,0.0,0.0,0,0.00,0.00,0.00,0.00
333,Elijah Adebayo,LUT,FWD,0.9,50,0,0,0,0,0,0,0,0,0,0,0,0,0,0,0.0,0.0,0.0,0.0,0,0.00,0.00,0.00,0.00
334,Mads Juel Andersen,LUT,DEF,0.5,40,0,0,0,0,0,0,0,0,0,0,0,0,0,0,0.0,0.0,0.0,0.0,0,0.00,0.00,0.00,0.00
335,Amari'i Bell,LUT,DEF,0.5,40,0,0,0,0,0,0,0,0,0,0,0,0,0,0,0.0,0.0,0.0,0.0,0,0.00,0.00,0.00,0.00
336,Luke Berry,LUT,MID,1.1,50,0,0,0,0,0,0,0,0,0,0,0,0,0,0,0.0,0.0,0.0,0.0,0,0.00,0.00,0.00,0.00
337,Reece Burke,LUT,DEF,0.5,40,0,0,0,0,0,0,0,0,0,0,0,0,0,0,0.0,0.0,0.0,0.0,0,0.00,0.00,0.00,0.00
338,Allan Campbell,LUT,MID,1.1,50,0,0,0,0,0,0,0,0,0,0,0,0,0,0,0.0,0.0,0.0,0.0,0,0.00,0.00,0.00,0.00
339,Jordan Clark,LUT,MID,1.1,50,0,0,0,0,0,0,0,0,0,0,0,0,0,0,0.0,0.0,0.0,0.0,0,0.00,0.00,0.00,0.00
340,Alfie Doughty,LUT,DEF,1.5,45,0,0,0,0,0,0,0,0,0,0,0,0,0,0,0.0,0.0,0.0,0.0,0,0.00,0.00,0.00,0.00
341,Luke Freeman,LUT,MID,1.1,50,0,0,0,0,0,0,0,0,0,0,0,0,0,0,0.0,0.0,0.0,0.0,0,0.00,0.00,0.00,0.00
342,Matt Macey,LUT,GKP,0.5,40,0,0,0,0,0,0,0,0,0,0,0,0,0,0,0.0,0.0,0.0,0.0,0,0.00,0.00,0.00,0.00
343,John McAtee,LUT,FWD,0.5,45,0,0,0,0,0,0,0,0,0,0,0,0,0,0,0.0,0.0,0.0,0.0,0,0.00,0.00,0.00,0.00
344,Carlos Mendes Gomes,LUT,MID,0.0,45,0,0,0,0,0,0,0,0,0,0,0,0,0,0,0.0,0.0,0.0,0.0,0,0.00,0.00,0.00,0.00
345,Carlton Morris,LUT,FWD,1.3,55,0,0,0,0,0,0,0,0,0,0,0,0,0,0,0.0,0.0,0.0,0.0,0,0.00,0.00,0.00,0.00
346,Admiral Muskwe,LUT,FWD,0.5,45,0,0,0,0,0,0,0,0,0,0,0,0,0,0,0.0,0.0,0.0,0.0,0,0.00,0.00,0.00,0.00
347,Chiedozie Ogbene,LUT,FWD,0.9,50,0,0,0,0,0,0,0,0,0,0,0,0,0,0,0.0,0.0,0.0,0.0,0,0.00,0.00,0.00,0.00
348,Fred Onyedinma,LUT,MID,0.0,50,0,0,0,0,0,0,0,0,0,0,0,0,0,0,0.0,0.0,0.0,0.0,0,0.00,0.00,0.00,0.00
349,Gabriel Osho,LUT,DEF,1.5,45,0,0,0,0,0,0,0,0,0,0,0,0,0,0,0.0,0.0,0.0,0.0,0,0.00,0.00,0.00,0.00
350,Aribim Pepple,LUT,FWD,0.5,45,0,0,0,0,0,0,0,0,0,0,0,0,0,0,0.0,0.0,0.0,0.0,0,0.00,0.00,0.00,0.00
351,Dion Pereira,LUT,MID,0.5,45,0,0,0,0,0,0,0,0,0,0,0,0,0,0,0.0,0.0,0.0,0.0,0,0.00,0.00,0.00,0.00
352,Dan Potts,LUT,DEF,0.5,40,0,0,0,0,0,0,0,0,0,0,0,0,0,0,0.0,0.0,0.0,0.0,0,0.00,0.00,0.00,0.00
353,Glen Rea,LUT,MID,0.5,45,0,0,0,0,0,0,0,0,0,0,0,0,0,0,0.0,0.0,0.0,0.0,0,0.00,0.00,0.00,0.00
354,James Shea,LUT,GKP,1.8,45,0,0,0,0,0,0,0,0,0,0,0,0,0,0,0.0,0.0,0.0,0.0,0,0.00,0.00,0.00,0.00
355,Joe Taylor,LUT,FWD,0.5,45,0,0,0,0,0,0,0,0,0,0,0,0,0,0,0.0,0.0,0.0,0.0,0,0.00,0.00,0.00,0.00
356,Elliot Thorpe,LUT,MID,0.0,45,0,0,0,0,0,0,0,0,0,0,0,0,0,0,0.0,0.0,0.0,0.0,0,0.00,0.00,0.00,0.00
357,Jack Walton,LUT,GKP,0.0,40,0,0,0,0,0,0,0,0,0,0,0,0,0,0,0.0,0.0,0.0,0.0,0,0.00,0.00,0.00,0.00
358,Louie Watson,LUT,MID,0.5,45,0,0,0,0,0,0,0,0,0,0,0,0,0,0,0.0,0.0,0.0,0.0,0,0.00,0.00,0.00,0.00
359,Cauley Woodrow,LUT,FWD,0.5,45,0,0,0,0,0,0,0,0,0,0,0,0,0,0,0.0,0.0,0.0,0.0,0,0.00,0.00,0.00,0.00
360,Ryan Giles,LUT,DEF,1.5,45,0,0,0,0,0,0,0,0,0,0,0,0,0,0,0.0,0.0,0.0,0.0,0,0.00,0.00,0.00,0.00
361,Tom Lockyer,LUT,DEF,1.5,45,0,0,0,0,0,0,0,0,0,0,0,0,0,0,0.0,0.0,0.0,0.0,0,0.00,0.00,0.00,0.00
362,Pelly Ruddock Mpanzu,LUT,MID,1.1,50,0,0,0,0,0,0,0,0,0,0,0,0,0,0,0.0,0.0,0.0,0.0,0,0.00,0.00,0.00,0.00
363,Tahith Chong,LUT,MID,1.1,50,0,0,0,0,0,0,0,0,0,0,0,0,0,0,0.0,0.0,0.0,0.0,0,0.00,0.00,0.00,0.00
364,Issa Kaboré,LUT,DEF,0.5,40,0,0,0,0,0,0,0,0,0,0,0,0,0,0,0.0,0.0,0.0,0.0,0,0.00,0.00,0.00,0.00
365,Manuel Akanji,MCI,DEF,3.8,50,82,2284,0,1,7,23,0,0,0,2,0,0,5,460,385.6,146.5,180.0,71.4,24,1.14,0.99,2.13,21.70
366,Nathan Aké,MCI,DEF,3.8,50,92,1871,1,0,9,15,0,0,0,2,0,0,9,419,405.2,175.9,150.0,73.3,22,1.55,1.30,2.85,16.48
367,Julián Álvarez,MCI,FWD,3.7,65,103,1448,9,3,5,16,0,0,0,0,0,0,14,393,434.2,286.5,569.0,129.0,13,6.79,1.63,8.42,17.14
368,Bernardo Veiga de Carvalho e Silva,MCI,MID,3.8,65,106,2196,4,6,7,24,0,0,0,5,0,0,9,427,492.0,515.0,424.0,143.1,24,2.09,3.83,5.92,23.24
369,Oscar Bobb,MCI,MID,2.5,45,0,0,0,0,0,0,0,0,0,0,0,0,0,0,0.0,0.0,0.0,0.0,0,0.00,0.00,0.00,0.00
370,João Cancelo,MCI,DEF,4.4,60,73,1273,2,2,6,16,0,0,0,3,1,0,10,304,277.0,266.4,276.0,81.2,16,0.83,1.53,2.36,13.34
371,Scott Carson,MCI,GKP,2.5,40,0,0,0,0,0,0,0,0,0,0,0,0,0,0,0.0,0.0,0.0,0.0,0,0.00,0.00,0.00,0.00
372,Shea Charles,MCI,MID,0.0,45,1,27,0,0,0,1,0,0,0,0,0,0,0,3,13.8,0.9,0.0,1.5,1,0.00,0.00,0.00,0.05
373,Kevin De Bruyne,MCI,MID,4.9,105,183,2413,7,18,10,23,0,0,0,1,0,0,26,742,897.8,1476.7,598.0,297.6,28,5.34,13.69,19.03,19.88
374,Rúben Gato Alves Dias,MCI,DEF,4.1,55,80,1997,0,0,9,16,0,0,0,3,0,0,1,432,416.8,83.7,124.0,62.5,22,1.36,0.34,1.70,17.36
375,Tommy Doyle,MCI,MID,2.5,45,0,0,0,0,0,0,0,0,0,0,0,0,0,0,0.0,0.0,0.0,0.0,0,0.00,0.00,0.00,0.00
376,Ederson Santana de Moraes,MCI,GKP,5.5,55,121,3150,0,1,11,32,0,0,0,3,0,46,8,581,508.4,13.1,0.0,52.1,35,0.00,0.22,0.22,28.08
377,Phil Foden,MCI,MID,4.1,75,142,1832,11,7,5,16,0,0,0,1,0,0,15,517,684.8,707.4,717.0,210.9,22,5.75,4.73,10.48,17.62
378,Jack Grealish,MCI,MID,4.1,75,121,2051,5,10,10,16,0,0,0,4,0,0,9,490,515.8,721.3,683.0,191.7,23,4.50,6.74,11.24,14.46
379,Erling Haaland,MCI,FWD,5.5,140,272,2767,36,9,13,26,0,0,0,5,0,0,40,1040,1390.0,371.0,1825.0,358.1,33,28.54,3.11,31.65,25.24
380,Mateo Kovačić,MCI,MID,3.1,50,53,1699,1,2,4,25,0,0,0,8,0,0,2,289,295.8,365.8,114.0,77.9,17,1.79,2.04,3.83,24.00
381,Aymeric Laporte,MCI,DEF,3.8,50,40,992,0,0,4,10,0,0,0,0,0,0,3,210,183.0,111.2,73.0,36.6,11,0.49,0.44,0.93,11.77
382,Rico Lewis,MCI,DEF,3.5,45,29,900,0,0,2,8,0,0,0,1,0,0,0,168,129.4,189.3,44.0,36.3,10,0.21,1.63,1.84,8.90
383,Riyad Mahrez,MCI,MID,0.0,75,126,1913,5,12,6,23,0,0,0,2,0,0,11,470,540.0,803.1,524.0,186.5,22,5.40,5.22,10.62,18.28
384,James McAtee,MCI,MID,2.5,45,0,0,0,0,0,0,0,0,0,0,0,0,0,0,0.0,0.0,0.0,0.0,0,0.00,0.00,0.00,0.00
385,Stefan Ortega Moreno,MCI,GKP,2.5,40,23,270,0,0,2,1,0,0,0,0,0,14,5,90,116.8,0.0,0.0,11.7,3,0.00,0.00,0.00,4.12
386,Cole Palmer,MCI,MID,3.1,50,19,358,0,1,1,4,0,0,0,1,0,0,0,76,73.0,88.7,155.0,31.9,2,0.36,0.49,0.85,7.13
387,Máximo Perrone,MCI,MID,2.5,45,1,18,0,0,0,1,0,0,0,0,0,0,0,4,1.0,2.6,4.0,0.8,0,0.00,0.01,0.01,0.19
388,Kalvin Phillips,MCI,MID,3.1,50,14,291,0,0,1,3,0,0,0,1,0,0,0,68,50.0,54.4,22.0,12.7,2,0.28,0.11,0.39,5.05
389,Rodrigo Hernandez,MCI,MID,3.5,55,108,2911,2,6,11,26,0,0,0,5,0,0,7,606,716.0,555.9,493.0,176.9,34,4.53,3.49,8.02,25.24
390,Sergio Gómez,MCI,DEF,2.5,40,21,340,0,1,1,6,0,0,0,0,0,0,1,83,76.2,80.5,30.0,18.7,2,0.37,1.05,1.42,5.90
391,Zack Steffen,MCI,GKP,2.5,40,0,0,0,0,0,0,0,0,0,0,0,0,0,0,0.0,0.0,0.0,0.0,0,0.00,0.00,0.00,0.00
392,John Stones,MCI,DEF,4.1,55,93,1844,2,2,7,17,1,0,0,2,0,0,13,422,396.0,164.1,135.0,69.6,21,1.03,0.97,2.00,13.56
393,Kyle Walker,MCI,DEF,3.8,50,69,1953,0,0,7,20,0,0,0,3,0,0,0,376,236.8,199.4,42.0,47.7,22,0.39,1.32,1.71,20.07
394,Mason Mount,MUN,MID,3.0,70,82,1644,3,4,8,21,0,0,0,4,0,0,8,277,331.4,463.1,376.0,117.2,20,1.97,2.81,4.78,23.53
395,Alex Telles,MUN,DEF,0.0,45,0,0,0,0,0,0,0,0,0,0,0,0,0,0,0.0,0.0,0.0,0.0,0,0.00,0.00,0.00,0.00
396,Amad Diallo,MUN,MID,1.5,45,0,0,0,0,0,0,0,0,0,0,0,0,0,0,0.0,0.0,0.0,0.0,0,0.00,0.00,0.00,0.00
397,Antony Matheus dos Santos,MUN,MID,3.0,70,82,1803,4,2,12,21,0,0,0,5,0,0,4,262,322.0,421.0,633.0,137.1,23,6.65,2.42,9.07,25.37
398,Bruno Borges Fernandes,MUN,MID,3.4,85,176,3317,8,9,18,39,0,0,0,6,0,0,23,748,1004.2,1603.7,982.0,359.3,37,9.33,10.70,20.03,49.13
399,Brandon Williams,MUN,DEF,1.5,40,0,0,0,0,0,0,0,0,0,0,0,0,0,0,0.0,0.0,0.0,0.0,0,0.00,0.00,0.00,0.00
400,Eric Bailly,MUN,DEF,1.5,40,0,0,0,0,0,0,0,0,0,0,0,0,0,0,0.0,0.0,0.0,0.0,0,0.00,0.00,0.00,0.00
401,Carlos Henrique Casimiro,MUN,MID,2.5,55,87,2122,4,3,10,22,0,0,0,7,2,0,10,389,644.0,418.8,299.0,136.3,24,3.49,3.82,7.31,29.30
402,Diogo Dalot Teixeira,MUN,DEF,2.8,50,102,2152,1,2,10,34,0,0,0,6,0,0,19,502,483.8,421.4,283.0,118.8,24,2.49,1.53,4.02,34.27
403,Christian Eriksen,MUN,MID,2.7,60,103,2046,1,9,13,25,0,0,0,3,0,0,8,426,425.4,575.2,344.0,134.4,25,4.79,3.49,8.28,26.02
404,Álvaro Fernández Carreras,MUN,DEF,1.5,40,0,0,0,0,0,0,0,0,0,0,0,0,0,0,0.0,0.0,0.0,0.0,0,0.00,0.00,0.00,0.00
405,Frederico Rodrigues de Paula Santos,MUN,MID,2.1,50,62,1228,2,3,4,22,0,0,0,6,0,0,2,272,316.2,393.7,225.0,93.4,12,2.03,1.77,3.80,21.86
406,Alejandro Garnacho,MUN,MID,2.1,50,39,557,3,2,0,13,0,0,0,3,0,0,0,81,157.6,61.7,287.0,50.7,5,2.97,0.95,3.92,8.02
407,Hannibal Mejbri,MUN,MID,1.5,45,0,0,0,0,0,0,0,0,0,0,0,0,0,0,0.0,0.0,0.0,0.0,0,0.00,0.00,0.00,0.00
408,Tom Heaton,MUN,GKP,1.5,40,0,0,0,0,0,0,0,0,0,0,0,0,0,0,0.0,0.0,0.0,0.0,0,0.00,0.00,0.00,0.00
409,Dean Henderson,MUN,GKP,2.8,45,82,1620,0,0,6,31,0,2,0,2,0,54,12,367,474.4,0.0,0.0,47.5,18,0.00,0.01,0.01,26.97
410,Victor Lindelöf,MUN,DEF,2.5,45,57,1359,0,0,6,16,0,0,0,1,0,0,3,327,280.4,54.7,19.0,35.6,14,0.25,0.39,0.64,19.97
411,Harry Maguire,MUN,DEF,2.5,45,39,762,0,0,5,7,0,0,0,4,0,0,2,201,193.0,20.8,55.0,26.9,8,0.34,0.04,0.38,10.79
412,Kobbie Mainoo,MUN,MID,1.5,45,1,10,0,0,0,0,0,0,0,0,0,0,0,2,5.8,0.8,6.0,1.3,0,0.00,0.07,0.07,0.25
413,Tyrell Malacia,MUN,DEF,2.5,45,62,1391,0,0,7,14,0,0,0,6,0,0,8,287,223.6,148.8,79.0,45.3,14,0.23,0.71,0.94,19.21
414,Anthony Martial,MUN,FWD,2.7,65,66,970,6,3,7,8,0,0,0,0,0,0,4,230,305.6,179.5,376.0,85.5,11,6.03,1.46,7.49,13.57
415,Lisandro Martínez,MUN,DEF,2.8,50,81,2113,1,0,9,33,0,0,0,6,0,0,6,481,571.8,110.4,82.0,76.7,24,0.46,1.02,1.48,32.52
416,Scott McTominay,MUN,MID,2.1,50,36,1149,1,0,4,20,0,0,0,8,0,0,2,146,247.0,123.2,156.0,52.2,10,1.96,0.99,2.95,22.38
417,Teden Mengi,MUN,DEF,1.5,40,0,0,0,0,0,0,0,0,0,0,0,0,0,0,0.0,0.0,0.0,0.0,0,0.00,0.00,0.00,0.00
418,Facundo Pellistri Rebollo,MUN,MID,1.5,45,4,60,0,0,0,1,0,0,0,0,0,0,0,14,7.4,1.8,2.0,1.0,0,0.00,0.02,0.02,0.78
419,Raphaël Varane,MUN,DEF,2.8,50,77,1912,0,0,10,22,1,0,0,1,0,0,2,392,387.0,74.0,124.0,58.8,22,0.75,0.51,1.26,27.27
420,Marcus Rashford,MUN,MID,3.5,90,205,2880,17,7,13,39,0,0,0,2,0,0,21,530,892.2,462.5,1466.0,282.2,32,15.27,2.86,18.13,43.46
421,Jadon Sancho,MUN,MID,3.0,70,105,1683,6,3,13,18,0,0,0,0,0,0,8,375,433.8,571.6,426.0,143.2,21,4.02,4.13,8.15,24.95
422,Luke Shaw,MUN,DEF,3.1,55,124,2552,1,4,12,35,0,0,0,8,0,0,20,626,572.8,547.7,118.0,124.2,30,1.09,2.90,3.99,37.85
423,Shola Shoretire,MUN,FWD,1.5,45,0,0,0,0,0,0,0,0,0,0,0,0,0,0,0.0,0.0,0.0,0.0,0,0.00,0.00,0.00,0.00
424,Donny van de Beek,MUN,MID,2.1,50,8,162,0,0,0,3,0,0,0,0,0,0,0,21,11.2,40.2,54.0,10.5,2,0.10,0.14,0.24,1.58
425,Aaron Wan-Bissaka,MUN,DEF,2.5,45,67,1432,0,0,8,10,0,0,0,2,0,0,3,308,290.4,221.9,143.0,65.5,16,1.19,0.91,2.10,19.17
426,André Onana,MUN,GKP,3.7,50,0,0,0,0,0,0,0,0,0,0,0,0,0,0,0.0,0.0,0.0,0.0,0,0.00,0.00,0.00,0.00
427,Miguel Almirón Rejala,NEW,MID,2.8,65,158,2487,11,4,15,22,0,0,0,2,0,0,15,511,611.8,426.4,892.0,193.3,29,8.03,3.00,11.03,28.35
428,Elliot Anderson,NEW,MID,1.5,45,30,395,0,1,1,7,0,0,0,0,0,0,2,93,98.8,129.9,186.0,41.5,3,1.14,1.45,2.59,6.03
429,Harrison Ashby,NEW,DEF,1.5,40,0,0,0,0,0,0,0,0,0,0,0,0,0,0,0.0,0.0,0.0,0.0,0,0.00,0.00,0.00,0.00
430,Sven Botman,NEW,DEF,2.5,45,129,3127,0,2,13,30,0,0,0,2,0,0,8,666,583.0,120.3,303.0,101.0,35,2.75,1.09,3.84,38.00
431,Bruno Guimarães Rodriguez Moura,NEW,MID,2.7,60,107,2727,4,5,12,25,0,0,0,7,0,0,5,438,630.8,646.1,286.0,156.6,32,2.82,3.72,6.54,29.82
432,Dan Burn,NEW,DEF,2.5,45,129,3109,1,0,14,30,0,0,0,5,0,0,6,584,555.0,230.4,265.0,105.3,35,2.12,1.28,3.40,36.33
433,Karl Darlow,NEW,GKP,0.0,40,0,0,0,0,0,0,0,0,0,0,0,0,0,0,0.0,0.0,0.0,0.0,0,0.00,0.00,0.00,0.00
434,Martin Dubravka,NEW,GKP,1.5,40,11,156,0,0,1,1,0,0,0,0,0,10,1,49,54.0,0.0,0.0,5.4,1,0.00,0.00,0.00,3.33
435,Ryan Fraser,NEW,MID,2.1,50,11,308,0,0,1,3,0,0,0,1,0,0,0,39,26.8,74.0,70.0,17.2,3,0.31,0.25,0.56,3.34
436,Mark Gillespie,NEW,GKP,1.5,40,0,0,0,0,0,0,0,0,0,0,0,0,0,0,0.0,0.0,0.0,0.0,0,0.00,0.00,0.00,0.00
437,Anthony Gordon,NEW,MID,2.5,55,68,1574,4,0,4,18,0,0,0,7,0,0,5,186,311.2,226.6,550.0,108.8,16,4.73,1.29,6.02,25.18
438,Isaac Hayden,NEW,MID,1.5,45,0,0,0,0,0,0,0,0,0,0,0,0,0,0,0.0,0.0,0.0,0.0,0,0.00,0.00,0.00,0.00
439,Jeff Hendrick,NEW,MID,1.5,45,0,0,0,0,0,0,0,0,0,0,0,0,0,0,0.0,0.0,0.0,0.0,0,0.00,0.00,0.00,0.00
440,Alexander Isak,NEW,FWD,2.9,75,100,1520,10,2,4,20,0,0,0,3,0,0,18,353,483.4,246.1,724.0,145.2,17,8.11,1.37,9.48,18.67
441,Joelinton Cássio Apolinário de Lira,NEW,MID,2.7,60,115,2660,6,5,11,26,0,0,0,12,0,0,10,458,603.4,413.1,655.0,167.3,30,7.11,1.90,9.01,32.27
442,Emil Krafth,NEW,DEF,2.5,45,1,1,0,0,0,0,0,0,0,0,0,0,0,3,0.0,0.0,0.0,0.0,0,0.00,0.00,0.00,0.10
443,Garang Kuol,NEW,MID,1.5,45,0,0,0,0,0,0,0,0,0,0,0,0,0,0,0.0,0.0,0.0,0.0,0,0.00,0.00,0.00,0.00
444,Jamaal Lascelles,NEW,DEF,1.5,40,3,214,0,0,0,5,0,0,0,4,0,0,0,22,42.6,0.9,13.0,5.4,2,0.11,0.01,0.12,4.34
445,Jamal Lewis,NEW,DEF,0.0,40,2,9,0,0,0,1,0,0,0,0,0,0,0,6,1.0,1.0,4.0,0.6,0,0.00,0.00,0.00,1.05
446,Sean Longstaff,NEW,MID,2.1,50,93,2514,1,5,13,18,0,0,0,2,0,0,2,347,385.2,372.0,408.0,116.8,28,3.30,2.57,5.87,27.57
447,Javier Manquillo Gaitán,NEW,DEF,1.5,40,4,34,0,0,0,1,0,0,0,0,0,0,0,19,12.0,5.5,2.0,2.0,0,0.00,0.01,0.01,0.97
448,Jacob Murphy,NEW,MID,2.1,50,78,1230,4,2,3,12,0,0,0,0,0,0,2,240,275.0,302.5,410.0,98.9,14,3.46,2.95,6.41,16.13
449,Nick Pope,NEW,GKP,4.5,55,157,3261,0,0,14,32,0,2,0,3,1,87,14,678,709.6,20.0,0.0,72.9,37,0.00,0.01,0.01,39.44
450,Matt Ritchie,NEW,MID,1.5,45,7,35,0,0,0,0,0,0,0,0,0,0,0,24,8.8,17.2,2.0,2.8,0,0.00,0.05,0.05,0.90
451,Allan Saint-Maximin,NEW,MID,2.7,60,66,1109,1,6,4,14,0,0,0,1,0,0,4,240,284.8,397.4,381.0,106.5,12,1.60,2.59,4.19,13.91
452,Fabian Schär,NEW,DEF,2.8,50,139,3207,1,3,15,28,1,0,0,7,0,0,6,617,680.8,264.7,523.0,147.1,36,4.63,2.05,6.68,36.65
453,Matt Targett,NEW,DEF,2.5,45,35,600,0,0,3,6,0,0,0,1,0,0,2,157,112.4,142.4,8.0,26.3,6,0.01,0.67,0.68,6.79
454,Sandro Tonali,NEW,MID,2.5,55,0,0,0,0,0,0,0,0,0,0,0,0,0,0,0.0,0.0,0.0,0.0,0,0.00,0.00,0.00,0.00
455,Kieran Trippier,NEW,DEF,3.6,65,198,3342,1,9,16,31,1,0,0,5,0,0,39,941,908.2,1824.0,123.0,285.8,38,0.85,12.03,12.88,38.41
456,Kell Watts,NEW,DEF,0.0,40,0,0,0,0,0,0,0,0,0,0,0,0,0,0,0.0,0.0,0.0,0.0,0,0.00,0.00,0.00,0.00
457,Joe Willock,NEW,MID,2.5,55,123,2556,3,7,12,26,0,0,0,1,0,0,11,415,520.8,547.0,680.0,174.9,31,7.30,4.29,11.59,29.62
458,Callum Wilson,NEW,FWD,3.0,80,157,1870,18,6,10,16,0,0,0,4,0,0,20,526,722.2,271.3,1022.0,200.9,21,16.43,2.11,18.54,21.93
459,Loris Karius,NEW,GKP,1.5,40,0,0,0,0,0,0,0,0,0,0,0,0,0,0,0.0,0.0,0.0,0.0,0,0.00,0.00,0.00,0.00
460,Paul Dummett,NEW,DEF,1.5,40,0,0,0,0,0,0,0,0,0,0,0,0,0,0,0.0,0.0,0.0,0.0,0,0.00,0.00,0.00,0.00
461,Harvey Barnes,NEW,MID,2.8,65,138,2709,13,2,6,51,0,0,0,3,0,0,0,379,612.8,322.9,942.0,187.7,32,9.07,2.33,11.40,50.76
462,Anthony Elanga,NFO,MID,1.1,50,23,417,0,1,2,2,0,0,0,0,0,0,0,53,52.4,78.8,162.0,28.7,5,0.65,0.98,1.63,4.79
463,Brandon Aguilera Zamora,NFO,MID,0.5,45,0,0,0,0,0,0,0,0,0,0,0,0,0,0,0.0,0.0,0.0,0.0,0,0.00,0.00,0.00,0.00
464,Harry Arter,NFO,MID,0.5,45,0,0,0,0,0,0,0,0,0,0,0,0,0,0,0.0,0.0,0.0,0.0,0,0.00,0.00,0.00,0.00
465,Serge Aurier,NFO,DEF,1.5,45,70,1943,1,0,6,31,0,0,0,2,0,0,8,336,437.6,168.9,117.0,72.5,22,0.74,0.92,1.66,33.13
466,Taiwo Awoniyi,NFO,FWD,1.7,65,100,1395,10,1,5,29,0,0,0,2,0,0,16,320,416.2,140.1,405.0,95.6,17,6.86,0.29,7.15,26.43
467,Giulian Biancone,NFO,DEF,0.5,40,2,15,0,0,0,1,0,0,0,0,0,0,0,9,6.8,0.0,0.0,0.7,0,0.00,0.00,0.00,0.55
468,Willy Boly,NFO,DEF,1.5,45,37,684,0,1,3,10,0,0,0,2,0,0,7,147,155.0,11.8,41.0,21.0,9,0.05,0.27,0.32,10.37
469,Josh Bowler,NFO,MID,0.5,45,0,0,0,0,0,0,0,0,0,0,0,0,0,0,0.0,0.0,0.0,0.0,0,0.00,0.00,0.00,0.00
470,Steve Cook,NFO,DEF,1.5,45,20,956,0,0,2,21,0,0,0,4,0,0,0,149,177.4,39.3,28.0,24.4,11,0.13,0.59,0.72,15.15
471,Danilo dos Santos de Oliveira,NFO,MID,1.5,55,48,976,3,2,1,18,0,0,0,1,0,0,5,178,253.8,108.1,113.0,47.1,12,1.58,0.56,2.14,20.32
472,Emmanuel Dennis,NFO,FWD,0.9,50,39,709,2,2,1,17,0,0,0,3,0,0,3,113,169.6,97.6,293.0,55.7,6,1.73,0.40,2.13,13.59
473,Mohamed Dräger,NFO,DEF,0.5,40,0,0,0,0,0,0,0,0,0,0,0,0,0,0,0.0,0.0,0.0,0.0,0,0.00,0.00,0.00,0.00
474,Felipe Augusto de Almeida Monteiro,NFO,DEF,1.5,45,25,1417,0,1,1,32,0,0,0,4,0,0,3,233,379.0,79.5,130.0,59.0,15,1.20,1.15,2.35,31.83
475,Remo Freuler,NFO,MID,1.1,50,54,2157,0,0,6,47,0,0,0,4,0,0,0,267,272.2,174.7,54.0,50.3,24,0.42,0.79,1.21,41.93
476,Morgan Gibbs-White,NFO,MID,1.7,60,145,3151,5,12,8,61,0,0,0,6,0,0,11,479,611.4,980.2,628.0,221.8,36,6.77,6.06,12.83,57.88
477,Wayne Hennessey,NFO,GKP,0.5,40,8,271,0,0,0,5,0,0,0,0,0,10,0,46,77.4,0.0,0.0,7.8,3,0.00,0.00,0.00,5.43
478,Ethan Horvath,NFO,GKP,1.8,45,0,0,0,0,0,0,0,0,0,0,0,0,0,0,0.0,0.0,0.0,0.0,0,0.00,0.00,0.00,0.00
479,Brennan Johnson,NFO,MID,1.7,60,122,2930,8,5,7,54,0,0,2,6,0,0,15,384,480.6,374.4,733.0,158.1,33,8.39,2.00,10.39,53.79
480,Cheikhou Kouyaté,NFO,MID,1.1,50,35,871,1,0,2,23,0,0,0,3,0,0,2,144,162.4,83.1,81.0,32.6,10,0.36,0.33,0.69,17.06
481,Richie Laryea,NFO,DEF,1.5,45,0,0,0,0,0,0,0,0,0,0,0,0,0,0,0.0,0.0,0.0,0.0,0,0.00,0.00,0.00,0.00
482,Orel Mangala,NFO,MID,1.1,50,50,1543,1,1,5,24,0,0,0,3,0,0,0,190,199.4,62.0,75.0,33.6,20,0.57,0.70,1.27,29.46
483,Loïc Mbe Soh,NFO,DEF,0.5,40,0,0,0,0,0,0,0,0,0,0,0,0,0,0,0.0,0.0,0.0,0.0,0,0.00,0.00,0.00,0.00
484,Scott McKenna,NFO,DEF,1.5,45,40,1570,0,0,5,32,0,0,0,4,0,0,0,275,278.8,93.9,46.0,41.8,19,0.07,0.42,0.49,28.95
485,Alex Mighten,NFO,MID,0.5,45,1,7,0,0,0,0,0,0,0,0,0,0,0,1,0.0,0.3,0.0,0.0,0,0.00,0.00,0.00,0.23
486,Moussa Niakhaté,NFO,DEF,1.5,45,25,1163,0,0,2,22,0,0,0,1,0,0,0,141,183.4,15.6,61.0,26.0,14,0.66,0.15,0.81,23.87
487,Lewis O'Brien,NFO,MID,1.1,50,22,578,1,0,1,14,0,0,0,2,0,0,0,88,107.8,56.4,47.0,21.1,6,0.34,0.19,0.53,14.13
488,Braian Ojeda Rodríguez,NFO,MID,0.5,45,0,0,0,0,0,0,0,0,0,0,0,0,0,0,0.0,0.0,0.0,0.0,0,0.00,0.00,0.00,0.00
489,Jonathan Panzo,NFO,DEF,0.5,40,0,0,0,0,0,0,0,0,0,0,0,0,0,0,0.0,0.0,0.0,0.0,0,0.00,0.00,0.00,0.00
490,Omar Richards,NFO,DEF,1.5,45,0,0,0,0,0,0,0,0,0,0,0,0,0,0,0.0,0.0,0.0,0.0,0,0.00,0.00,0.00,0.00
491,Gustavo Henrique Furtado Scarpa,NFO,MID,0.5,45,5,177,0,0,0,1,0,0,0,1,0,0,0,16,15.0,17.3,25.0,5.7,2,0.23,0.04,0.27,2.87
492,Jonjo Shelvey,NFO,MID,1.1,50,16,573,0,0,1,11,0,0,0,2,0,0,0,67,55.6,102.1,11.0,16.3,6,0.19,0.66,0.85,11.62
493,Sam Surridge,NFO,FWD,0.0,45,26,306,1,0,0,5,0,0,0,2,0,0,3,61,61.4,16.2,92.0,15.9,1,1.71,0.02,1.73,8.60
494,Harry Toffolo,NFO,DEF,1.5,45,30,933,0,0,2,17,0,0,0,2,0,0,1,134,153.0,93.6,67.0,31.2,9,0.28,0.93,1.21,19.73
495,Hwang Ui-jo,NFO,FWD,0.5,45,0,0,0,0,0,0,0,0,0,0,0,0,0,0,0.0,0.0,0.0,0.0,0,0.00,0.00,0.00,0.00
496,Neco Williams,NFO,DEF,1.5,45,54,1872,1,1,4,41,0,0,0,7,0,0,1,284,372.2,257.3,209.0,84.0,20,1.24,1.22,2.46,39.55
497,Chris Wood,NFO,FWD,0.9,50,53,807,3,0,4,9,0,0,0,0,0,0,7,163,145.2,82.1,169.0,39.3,9,2.71,0.37,3.08,11.80
498,Joe Worrall,NFO,DEF,1.5,45,61,2215,1,0,5,44,0,0,0,6,0,0,2,366,502.2,66.6,111.0,67.5,21,0.85,0.55,1.40,44.46
499,Ryan Yates,NFO,MID,1.1,50,53,1833,0,3,5,36,0,0,0,5,0,0,0,177,215.0,103.3,233.0,54.5,21,1.99,0.43,2.42,29.34
500,Olu Aina,NFO,DEF,1.5,45,0,0,0,0,0,0,0,0,0,0,0,0,0,0,0.0,0.0,0.0,0.0,0,0.00,0.00,0.00,0.00
501,Anel Ahmedhodžić,SHU,DEF,1.5,45,0,0,0,0,0,0,0,0,0,0,0,0,0,0,0.0,0.0,0.0,0.0,0,0.00,0.00,0.00,0.00
502,Jordan Amissah,SHU,GKP,0.5,40,0,0,0,0,0,0,0,0,0,0,0,0,0,0,0.0,0.0,0.0,0.0,0,0.00,0.00,0.00,0.00
503,George Baldock,SHU,DEF,0.5,40,0,0,0,0,0,0,0,0,0,0,0,0,0,0,0.0,0.0,0.0,0.0,0,0.00,0.00,0.00,0.00
504,Chris Basham,SHU,DEF,0.5,40,0,0,0,0,0,0,0,0,0,0,0,0,0,0,0.0,0.0,0.0,0.0,0,0.00,0.00,0.00,0.00
505,Sander Berge,SHU,MID,1.1,50,0,0,0,0,0,0,0,0,0,0,0,0,0,0,0.0,0.0,0.0,0.0,0,0.00,0.00,0.00,0.00
506,Jayden Bogle,SHU,DEF,1.5,45,0,0,0,0,0,0,0,0,0,0,0,0,0,0,0.0,0.0,0.0,0.0,0,0.00,0.00,0.00,0.00
507,Rhian Brewster,SHU,FWD,0.9,50,0,0,0,0,0,0,0,0,0,0,0,0,0,0,0.0,0.0,0.0,0.0,0,0.00,0.00,0.00,0.00
508,Ismaila Coulibaly,SHU,MID,0.5,45,0,0,0,0,0,0,0,0,0,0,0,0,0,0,0.0,0.0,0.0,0.0,0,0.00,0.00,0.00,0.00
509,Adam Davies,SHU,GKP,0.5,40,0,0,0,0,0,0,0,0,0,0,0,0,0,0,0.0,0.0,0.0,0.0,0,0.00,0.00,0.00,0.00
510,John Egan,SHU,DEF,1.5,45,0,0,0,0,0,0,0,0,0,0,0,0,0,0,0.0,0.0,0.0,0.0,0,0.00,0.00,0.00,0.00
511,John Fleck,SHU,MID,1.1,50,0,0,0,0,0,0,0,0,0,0,0,0,0,0,0.0,0.0,0.0,0.0,0,0.00,0.00,0.00,0.00
512,Wes Foderingham,SHU,GKP,1.8,45,0,0,0,0,0,0,0,0,0,0,0,0,0,0,0.0,0.0,0.0,0.0,0,0.00,0.00,0.00,0.00
513,Daniel Jebbison,SHU,FWD,0.9,50,0,0,0,0,0,0,0,0,0,0,0,0,0,0,0.0,0.0,0.0,0.0,0,0.00,0.00,0.00,0.00
514,Max Lowe,SHU,DEF,1.5,45,0,0,0,0,0,0,0,0,0,0,0,0,0,0,0.0,0.0,0.0,0.0,0,0.00,0.00,0.00,0.00
515,Oliver McBurnie,SHU,FWD,1.3,55,0,0,0,0,0,0,0,0,0,0,0,0,0,0,0.0,0.0,0.0,0.0,0,0.00,0.00,0.00,0.00
516,Iliman Ndiaye,SHU,FWD,1.3,55,0,0,0,0,0,0,0,0,0,0,0,0,0,0,0.0,0.0,0.0,0.0,0,0.00,0.00,0.00,0.00
517,Rhys Norrington-Davies,SHU,DEF,0.5,40,0,0,0,0,0,0,0,0,0,0,0,0,0,0,0.0,0.0,0.0,0.0,0,0.00,0.00,0.00,0.00
518,Oliver Norwood,SHU,MID,1.1,50,0,0,0,0,0,0,0,0,0,0,0,0,0,0,0.0,0.0,0.0,0.0,0,0.00,0.00,0.00,0.00
519,Ben Osborn,SHU,MID,1.1,50,0,0,0,0,0,0,0,0,0,0,0,0,0,0,0.0,0.0,0.0,0.0,0,0.00,0.00,0.00,0.00
520,William Osula,SHU,FWD,0.5,45,0,0,0,0,0,0,0,0,0,0,0,0,0,0,0.0,0.0,0.0,0.0,0,0.00,0.00,0.00,0.00
521,Jack Robinson,SHU,DEF,1.5,45,0,0,0,0,0,0,0,0,0,0,0,0,0,0,0.0,0.0,0.0,0.0,0,0.00,0.00,0.00,0.00
522,Anis Slimane,SHU,MID,1.1,50,0,0,0,0,0,0,0,0,0,0,0,0,0,0,0.0,0.0,0.0,0.0,0,0.00,0.00,0.00,0.00
523,Yasser Larouci,SHU,DEF,1.5,45,0,0,0,0,0,0,0,0,0,0,0,0,0,0,0.0,0.0,0.0,0.0,0,0.00,0.00,0.00,0.00
524,Bénie Traoré,SHU,FWD,1.3,55,0,0,0,0,0,0,0,0,0,0,0,0,0,0,0.0,0.0,0.0,0.0,0,0.00,0.00,0.00,0.00
525,Brandon Austin,TOT,GKP,1.0,40,0,0,0,0,0,0,0,0,0,0,0,0,0,0,0.0,0.0,0.0,0.0,0,0.00,0.00,0.00,0.00
526,Rodrigo Bentancur,TOT,MID,0.0,55,71,1501,5,2,6,24,0,0,0,8,0,0,7,342,489.6,180.2,236.0,90.7,17,2.26,0.68,2.94,19.71
527,Yves Bissouma,TOT,MID,1.6,50,27,998,0,0,1,20,0,0,0,6,0,0,0,176,129.8,137.0,24.0,29.0,10,0.17,0.37,0.54,13.91
528,Bryan Gil Salvatierra,TOT,MID,1.6,50,9,146,0,1,1,1,0,0,0,1,0,0,0,22,30.4,27.5,27.0,8.5,2,0.10,0.08,0.18,0.90
529,Ben Davies,TOT,DEF,2.0,45,99,2284,2,3,9,33,0,0,0,4,0,0,3,470,434.0,291.8,172.0,89.9,26,1.01,1.47,2.48,26.59
530,Eric Dier,TOT,DEF,2.0,45,96,2816,2,1,9,52,0,0,0,3,0,0,5,569,653.2,112.3,235.0,100.1,31,1.76,0.55,2.31,43.12
531,Emerson Leite de Souza Junior,TOT,DEF,2.0,45,86,1729,2,2,7,27,0,0,0,2,1,0,9,402,403.6,181.6,234.0,82.1,20,1.61,0.97,2.58,22.24
532,Fraser Forster,TOT,GKP,1.0,40,40,1215,0,0,3,24,0,1,0,1,0,32,1,222,267.8,0.0,0.0,26.9,13,0.00,0.00,0.00,19.21
533,Pierre-Emile Højbjerg,TOT,MID,2.0,55,120,3131,4,5,10,57,0,0,0,5,0,0,10,629,758.0,501.7,237.0,150.0,35,2.02,3.13,5.15,45.05
534,Harry Kane,TOT,FWD,3.6,125,263,3406,30,9,11,62,0,0,1,6,0,0,48,1008,1342.0,759.6,1760.0,386.3,38,20.95,4.01,24.96,49.11
535,Dejan Kulusevski,TOT,MID,2.5,70,96,2062,2,7,8,40,0,0,0,2,0,0,5,310,410.8,639.4,514.0,156.0,23,2.68,4.76,7.44,30.15
536,Hugo Lloris,TOT,GKP,3.2,50,89,2205,0,0,7,39,1,0,0,0,0,79,12,456,540.0,0.0,0.0,54.0,25,0.00,0.00,0.00,30.16
537,Giovani Lo Celso,TOT,MID,1.6,50,0,0,0,0,0,0,0,0,0,0,0,0,0,0,0.0,0.0,0.0,0.0,0,0.00,0.00,0.00,0.00
538,James Maddison,TOT,MID,2.6,75,135,2479,10,9,4,54,0,0,1,10,0,0,9,520,802.4,984.9,805.0,259.7,28,8.50,5.53,14.03,47.16
539,Tanguy Ndombélé Alvaro,TOT,MID,1.0,45,0,0,0,0,0,0,0,0,0,0,0,0,0,0,0.0,0.0,0.0,0.0,0,0.00,0.00,0.00,0.00
540,Pedro Porro,TOT,DEF,2.3,50,59,1132,3,3,2,26,0,0,0,0,0,0,5,253,330.4,403.7,175.0,90.9,13,1.81,2.29,4.10,19.42
541,Ivan Perišić,TOT,DEF,2.3,50,94,2099,1,8,6,44,0,0,0,6,0,0,6,430,517.8,732.8,394.0,164.2,23,2.48,5.23,7.71,33.91
542,Sergio Reguilón,TOT,DEF,2.0,45,0,0,0,0,0,0,0,0,0,0,0,0,0,0,0.0,0.0,0.0,0.0,0,0.00,0.00,0.00,0.00
543,Richarlison de Andrade,TOT,MID,2.5,70,54,995,1,5,3,18,0,0,0,3,0,0,2,165,209.8,221.5,435.0,86.3,12,3.43,1.46,4.89,14.99
544,Joe Rodon,TOT,DEF,1.0,40,0,0,0,0,0,0,0,0,0,0,0,0,0,0,0.0,0.0,0.0,0.0,0,0.00,0.00,0.00,0.00
545,Cristian Romero,TOT,DEF,2.0,45,66,2363,0,2,8,41,0,0,0,9,1,0,3,447,546.2,136.2,91.0,77.3,26,1.50,1.02,2.52,34.11
546,Davinson Sánchez,TOT,DEF,2.0,45,28,848,0,0,2,17,0,0,0,1,0,0,1,166,213.8,40.0,56.0,31.0,8,0.65,0.20,0.85,12.76
547,Pape Matar Sarr,TOT,MID,1.0,45,14,211,0,1,0,11,0,0,0,1,0,0,0,60,55.4,26.8,4.0,8.6,2,0.06,0.03,0.09,5.80
548,Ryan Sessegnon,TOT,DEF,0.5,45,35,805,2,1,1,15,0,0,0,4,0,0,0,121,148.6,103.0,290.0,54.3,9,1.64,1.10,2.74,10.48
549,Oliver Skipp,TOT,MID,1.6,50,43,1489,1,0,4,28,0,0,0,7,0,0,1,199,222.4,157.5,52.0,43.4,18,0.29,0.41,0.70,22.65
550,Son Heung-min,TOT,MID,3.0,90,152,2886,10,6,9,55,0,0,0,2,0,0,8,471,732.6,852.0,919.0,250.2,33,9.80,4.56,14.36,42.74
551,Djed Spence,TOT,DEF,1.0,40,4,5,0,0,0,0,0,0,0,0,0,0,0,10,0.2,1.3,20.0,2.2,0,0.06,0.00,0.06,0.47
552,Japhet Tanganga,TOT,DEF,1.0,40,4,145,0,0,0,5,0,0,0,0,0,0,0,32,27.6,6.2,0.0,3.3,2,0.00,0.01,0.01,3.69
553,Destiny Udogie,TOT,DEF,2.0,45,0,0,0,0,0,0,0,0,0,0,0,0,0,0,0.0,0.0,0.0,0.0,0,0.00,0.00,0.00,0.00
554,Guglielmo Vicario,TOT,GKP,3.2,50,0,0,0,0,0,0,0,0,0,0,0,0,0,0,0.0,0.0,0.0,0.0,0,0.00,0.00,0.00,0.00
555,Alfie Whiteman,TOT,GKP,1.0,40,0,0,0,0,0,0,0,0,0,0,0,0,0,0,0.0,0.0,0.0,0.0,0,0.00,0.00,0.00,0.00
556,Manor Solomon,TOT,MID,2.0,55,44,560,4,0,0,11,0,0,0,0,0,0,1,156,219.0,97.6,117.0,43.4,4,1.21,0.78,1.99,12.18
557,Nayef Aguerd,WHU,DEF,2.0,45,58,1594,2,0,5,28,0,0,0,4,0,0,5,320,428.2,67.9,118.0,61.4,17,2.23,0.23,2.46,28.42
558,Michail Antonio,WHU,FWD,2.1,60,84,1822,5,3,5,29,0,0,0,2,0,0,4,222,305.8,209.0,579.0,109.1,21,6.69,0.58,7.27,29.47
559,Alphonse Areola,WHU,GKP,1.0,40,7,307,0,0,0,7,0,0,0,0,0,9,0,42,69.4,0.0,0.0,6.8,2,0.00,0.00,0.00,7.63
560,Saïd Benrahma,WHU,MID,2.2,60,106,2059,6,3,6,32,0,0,0,0,0,0,5,360,517.4,640.4,669.0,182.7,22,7.04,3.28,10.32,32.76
561,Jarrod Bowen,WHU,MID,2.5,70,145,3232,6,9,9,50,0,0,1,2,0,0,9,431,630.2,686.4,1099.0,241.8,36,9.38,6.00,15.38,47.84
562,Maxwel Cornet,WHU,MID,2.0,55,14,232,0,0,0,5,0,0,0,0,0,0,0,22,27.8,30.7,71.0,12.5,2,1.26,0.12,1.38,4.77
563,Vladimír Coufal,WHU,DEF,2.0,45,58,2135,0,2,4,35,0,0,0,5,0,0,2,327,389.0,371.2,58.0,82.1,24,0.28,1.71,1.99,30.46
564,Conor Coventry,WHU,MID,1.0,45,1,1,0,0,0,0,0,0,0,0,0,0,0,3,0.0,0.0,0.0,0.0,0,0.00,0.00,0.00,0.00
565,Aaron Cresswell,WHU,DEF,2.0,45,74,2235,0,1,6,32,0,0,0,3,0,0,8,439,421.4,635.3,81.0,114.2,24,0.36,2.85,3.21,32.82
566,Flynn Downes,WHU,MID,1.6,50,27,752,0,0,1,14,0,0,0,2,0,0,0,104,68.2,42.8,51.0,16.0,7,0.43,0.11,0.54,13.53
567,Emerson Palmieri dos Santos,WHU,DEF,2.0,45,39,1317,1,0,2,28,0,0,0,2,0,0,2,209,233.4,204.8,183.0,62.4,16,0.80,0.77,1.57,23.26
568,Lukasz Fabianski,WHU,GKP,2.3,45,127,3111,0,0,9,48,0,1,0,1,0,109,10,622,772.0,0.0,0.0,77.0,36,0.00,0.00,0.00,45.55
569,Pablo Fornals Malla,WHU,MID,1.6,50,71,1493,3,1,1,28,0,0,0,0,0,0,6,282,272.0,317.9,212.0,79.9,17,2.13,2.01,4.14,25.06
570,Danny Ings,WHU,FWD,2.1,60,97,1579,8,2,5,26,0,0,0,4,0,0,13,317,412.2,207.1,620.0,123.7,15,8.43,1.27,9.70,26.29
571,Ben Johnson,WHU,DEF,2.0,45,29,860,0,0,2,13,0,0,0,0,0,0,1,164,161.6,76.8,20.0,25.9,9,0.06,0.40,0.46,15.66
572,Thilo Kehrer,WHU,DEF,2.0,45,67,2229,0,3,5,34,1,0,0,4,0,0,4,362,362.6,127.0,83.0,57.6,25,0.49,0.63,1.12,31.51
573,Divin Mubama,WHU,FWD,1.0,45,0,0,0,0,0,0,0,0,0,0,0,0,0,0,0.0,0.0,0.0,0.0,0,0.00,0.00,0.00,0.00
574,Lucas Tolentino Coelho de Lima,WHU,MID,2.2,60,98,2154,4,5,6,39,0,0,0,5,0,0,8,395,504.4,471.9,474.0,145.4,27,4.39,2.62,7.01,33.84
575,Gianluca Scamacca,WHU,FWD,2.1,60,41,921,3,0,3,12,0,0,0,3,0,0,7,110,151.8,160.7,312.0,62.0,11,2.42,0.51,2.93,11.41
576,Tomáš Souček,WHU,MID,1.6,50,100,2811,2,4,8,42,0,0,0,3,0,0,6,364,565.6,230.1,472.0,127.1,32,4.02,1.03,5.05,43.04
577,Nikola Vlašić,WHU,MID,1.0,45,0,0,0,0,0,0,0,0,0,0,0,0,0,0,0.0,0.0,0.0,0.0,0,0.00,0.00,0.00,0.00
578,Kurt Zouma,WHU,DEF,2.0,45,88,1988,2,1,7,29,0,0,0,0,0,0,8,385,415.0,18.7,239.0,67.4,24,1.96,0.11,2.07,27.88
579,Angelo Ogbonna,WHU,DEF,2.0,45,44,1234,0,0,4,19,0,0,0,0,0,0,4,217,212.8,35.2,24.0,27.4,13,0.26,0.07,0.33,20.42
580,Rayan Aït-Nouri,WOL,DEF,1.5,45,41,1067,1,0,4,18,1,0,0,4,0,0,0,194,200.4,131.1,156.0,48.9,9,1.26,0.84,2.10,18.36
581,Daniel Bentley,WOL,GKP,0.5,40,6,180,0,0,0,3,0,0,0,0,0,11,0,45,70.2,0.0,0.0,7.0,2,0.00,0.00,0.00,4.66
582,Bendegúz Bolla,WOL,DEF,0.5,40,0,0,0,0,0,0,0,0,0,0,0,0,0,0,0.0,0.0,0.0,0.0,0,0.00,0.00,0.00,0.00
583,Hugo Bueno López,WOL,DEF,1.5,45,41,1307,0,1,3,29,0,0,0,1,0,0,3,239,224.0,269.2,76.0,57.2,16,0.17,1.00,1.17,22.62
584,Francisco Jorge Tomás Oliveira,WOL,MID,0.0,45,0,0,0,0,0,0,0,0,0,0,0,0,0,0,0.0,0.0,0.0,0.0,0,0.00,0.00,0.00,0.00
585,Luke Cundle,WOL,MID,0.5,45,0,0,0,0,0,0,0,0,0,0,0,0,0,0,0.0,0.0,0.0,0.0,0,0.00,0.00,0.00,0.00
586,Craig Dawson,WOL,DEF,1.5,45,75,2134,1,1,7,31,0,0,0,6,0,0,7,390,455.6,37.2,145.0,64.0,25,1.53,0.27,1.80,35.83
587,Fábio Silva,WOL,FWD,1.3,55,0,0,0,0,0,0,0,0,0,0,0,0,0,0,0.0,0.0,0.0,0.0,0,0.00,0.00,0.00,0.00
588,Gonçalo Manuel Ganchinho Guedes,WOL,MID,1.5,55,29,703,1,1,2,12,0,0,0,1,0,0,1,85,89.4,139.6,223.0,45.1,8,1.20,0.45,1.65,11.99
589,Joe Hodge,WOL,MID,0.5,45,5,172,0,0,0,5,0,0,0,1,0,0,0,17,14.4,17.4,30.0,6.1,1,0.28,0.05,0.33,4.04
590,Ki-Jana Hoever,WOL,DEF,0.0,40,0,0,0,0,0,0,0,0,0,0,0,0,0,0,0.0,0.0,0.0,0.0,0,0.00,0.00,0.00,0.00
591,Hwang Hee-chan,WOL,MID,1.5,55,60,1117,3,2,3,18,0,0,0,1,0,0,3,156,195.2,150.2,242.0,58.8,12,2.97,0.62,3.59,16.92
592,João Victor Gomes da Silva,WOL,MID,1.1,50,21,649,1,0,2,18,0,0,0,5,0,0,2,84,139.8,74.3,46.0,25.8,7,0.30,0.11,0.41,14.35
593,Jonathan Castro Otto,WOL,DEF,1.5,45,45,1257,1,0,5,21,0,0,0,3,1,0,0,219,233.2,118.2,83.0,43.7,14,0.30,0.83,1.13,18.32
594,Bruno Cavaco Jordão,WOL,MID,0.5,45,0,0,0,0,0,0,0,0,0,0,0,0,0,0,0.0,0.0,0.0,0.0,0,0.00,0.00,0.00,0.00
595,Sasa Kalajdzic,WOL,FWD,0.9,50,1,45,0,0,0,0,0,0,0,0,0,0,0,-1,0.0,0.0,9.0,0.7,1,0.27,0.00,0.27,0.62
596,Max Kilman,WOL,DEF,1.5,45,109,3307,0,1,11,56,0,0,0,3,0,0,12,622,742.8,77.6,108.0,93.2,37,1.31,0.50,1.81,56.60
597,Tom King,WOL,GKP,0.5,40,0,0,0,0,0,0,0,0,0,0,0,0,0,0,0.0,0.0,0.0,0.0,0,0.00,0.00,0.00,0.00
598,Mario Lemina,WOL,MID,1.1,50,35,1297,0,1,5,28,0,0,0,2,1,0,0,196,216.4,66.3,36.0,31.8,17,0.25,0.46,0.71,27.88
599,Matheus Luiz Nunes,WOL,MID,1.1,50,80,2467,1,1,11,38,0,0,0,2,1,0,5,338,371.4,406.6,314.0,109.3,30,2.41,1.38,3.79,41.19
600,Pedro Lomba Neto,WOL,MID,1.5,55,37,962,0,2,5,15,0,0,0,1,0,0,0,124,96.8,309.5,203.0,60.9,13,1.12,1.64,2.76,14.34
601,Daniel Castelo Podence,WOL,MID,1.5,55,92,1760,6,1,6,31,0,0,0,5,0,0,10,249,376.0,512.8,580.0,146.8,20,3.88,2.19,6.07,28.24
602,José Malheiro de Sá,WOL,GKP,2.7,50,148,3240,0,0,11,55,0,2,0,2,0,108,18,683,862.2,0.0,0.0,86.4,36,0.00,0.00,0.00,54.63
603,Pablo Sarabia,WOL,MID,1.1,50,27,764,1,0,3,9,0,0,0,3,0,0,3,57,92.0,184.7,157.0,43.0,9,2.99,0.89,3.88,13.37
604,Matija Šarkić,WOL,GKP,0.5,40,0,0,0,0,0,0,0,0,0,0,0,0,0,0,0.0,0.0,0.0,0.0,0,0.00,0.00,0.00,0.00
605,Nélson Cabral Semedo,WOL,DEF,1.5,45,75,2633,0,1,8,43,0,0,0,11,1,0,5,424,455.0,229.4,88.0,76.8,31,0.53,0.91,1.44,50.02
606,Toti António Gomes,WOL,DEF,1.5,45,43,978,1,0,4,14,0,0,0,6,0,0,4,201,230.0,74.5,69.0,37.4,10,0.35,0.23,0.58,20.87
607,Boubacar Traoré,WOL,MID,0.5,45,14,405,0,1,0,9,0,0,0,2,0,0,0,44,54.4,16.9,7.0,7.9,4,0.07,0.06,0.13,7.62
608,Matheus Santos Carneiro Da Cunha,WOL,FWD,1.3,55,39,961,2,0,5,12,0,0,0,1,0,0,6,122,143.0,95.1,217.0,45.1,12,1.72,0.17,1.89,16.76
609,Matt Doherty,WOL,DEF,1.5,45,35,663,1,0,3,9,0,0,0,0,0,0,2,147,147.0,110.5,146.0,40.3,7,0.74,0.27,1.01,8.61
